measure_name,location_id,location_name,metric_name,year,val,upper,lower
Deaths,14,Maldives,Number,2017,1149.388934,1206.612593,1095.494456
Deaths,14,Maldives,Percent,2017,1,1,1
Deaths,14,Maldives,Rate,2017,250.6294681,263.1073464,238.8775328
Deaths,112,Grenada,Number,2017,1141.363102,1197.158202,1086.026412
Deaths,112,Grenada,Percent,2017,1,1,1
Deaths,112,Grenada,Rate,2017,1029.380629,1079.701509,979.4731843
Deaths,63,Ukraine,Number,2017,689878.8076,718846.244,664019.1885
Deaths,63,Ukraine,Percent,2017,1,1,1
Deaths,63,Ukraine,Rate,2017,1543.730031,1608.549969,1485.864403
Deaths,161,Bangladesh,Number,2017,887218.6314,963528.4997,815985.8808
Deaths,161,Bangladesh,Percent,2017,1,1,1
Deaths,161,Bangladesh,Rate,2017,565.1757981,613.7866919,519.7991285
Deaths,211,Mali,Number,2017,186241.7654,212949.6231,164660.8113
Deaths,211,Mali,Percent,2017,1,1,1
Deaths,211,Mali,Rate,2017,919.5431813,1051.409566,812.9901792
Deaths,162,Bhutan,Number,2017,4139.807722,4695.416434,3603.829439
Deaths,162,Bhutan,Percent,2017,1,1,1
Deaths,162,Bhutan,Rate,2017,432.3964284,490.4288876,376.4143367
Deaths,89,Netherlands,Number,2017,152061.6405,159470.8899,145358.9132
Deaths,89,Netherlands,Percent,2017,1,1,1
Deaths,89,Netherlands,Rate,2017,892.9518433,936.4611915,853.591406
Deaths,41,Uzbekistan,Number,2017,205264.8444,224110.6505,188074.2736
Deaths,41,Uzbekistan,Percent,2017,1,1,1
Deaths,41,Uzbekistan,Rate,2017,636.7388779,695.1992411,583.4131132
Deaths,435,South Sudan,Number,2017,97278.59871,116214.9295,82428.16903
Deaths,435,South Sudan,Percent,2017,1,1,1
Deaths,435,South Sudan,Rate,2017,978.5585474,1169.045547,829.1730188
Deaths,113,Guyana,Number,2017,5558.660785,6046.221931,5052.9358
Deaths,113,Guyana,Percent,2017,1,1,1
Deaths,113,Guyana,Rate,2017,748.8405431,814.5228302,680.7112964
Deaths,88,Malta,Number,2017,3991.208453,4144.223476,3839.240171
Deaths,88,Malta,Percent,2017,1,1,1
Deaths,88,Malta,Rate,2017,918.6334942,953.852082,883.6558289
Deaths,15,Myanmar,Number,2017,409963.249,445309.505,372739.3578
Deaths,15,Myanmar,Percent,2017,1,1,1
Deaths,15,Myanmar,Rate,2017,776.5190298,843.4690321,706.0125639
Deaths,186,Seychelles,Number,2017,762.5560795,792.1305032,733.2049517
Deaths,186,Seychelles,Percent,2017,1,1,1
Deaths,186,Seychelles,Rate,2017,755.7007685,785.0093207,726.6135047
Deaths,39,Tajikistan,Number,2017,47993.9863,51392.15733,44708.93218
Deaths,39,Tajikistan,Percent,2017,1,1,1
Deaths,39,Tajikistan,Rate,2017,519.2065643,555.9685181,483.6683272
Deaths,213,Niger,Number,2017,172900.8122,198646.5674,151610.8748
Deaths,213,Niger,Percent,2017,1,1,1
Deaths,213,Niger,Rate,2017,808.8568971,929.2995454,709.2592579
Deaths,66,Brunei,Number,2017,1875.029903,2003.250985,1759.051324
Deaths,66,Brunei,Percent,2017,1,1,1
Deaths,66,Brunei,Rate,2017,433.5823154,463.2321857,406.7634039
Deaths,187,Somalia,Number,2017,145655.6973,185438.5404,115653.8959
Deaths,187,Somalia,Percent,2017,1,1,1
Deaths,187,Somalia,Rate,2017,862.8694485,1098.544403,685.1377272
Deaths,114,Haiti,Number,2017,88629.35934,100402.731,78328.83299
Deaths,114,Haiti,Percent,2017,1,1,1
Deaths,114,Haiti,Rate,2017,749.5187656,849.0835491,662.4095068
Deaths,40,Turkmenistan,Number,2017,32991.73327,35127.25384,31167.3721
Deaths,40,Turkmenistan,Percent,2017,1,1,1
Deaths,40,Turkmenistan,Rate,2017,662.8994948,705.8082895,626.242794
Deaths,212,Mauritania,Number,2017,20049.96709,22188.19952,17923.93966
Deaths,212,Mauritania,Percent,2017,1,1,1
Deaths,212,Mauritania,Rate,2017,512.2730954,566.904554,457.9534725
Deaths,139,Algeria,Number,2017,167907.4347,174977.5628,161067.6144
Deaths,139,Algeria,Percent,2017,1,1,1
Deaths,139,Algeria,Rate,2017,414.9582031,432.4309711,398.0546065
Deaths,90,Norway,Number,2017,41374.29078,41986.74055,40757.94043
Deaths,90,Norway,Percent,2017,1,1,1
Deaths,90,Norway,Rate,2017,786.1085445,797.745046,774.3979322
Deaths,16,Philippines,Number,2017,666558.9507,736921.479,598755.9727
Deaths,16,Philippines,Percent,2017,1,1,1
Deaths,16,Philippines,Rate,2017,644.2011804,712.2036035,578.672455
Deaths,164,Nepal,Number,2017,182751.4361,197584.1233,166242.0191
Deaths,164,Nepal,Percent,2017,1,1,1
Deaths,164,Nepal,Rate,2017,611.3821322,661.0038485,556.1510338
Deaths,189,Tanzania,Number,2017,342550.7203,378894.964,311490.3017
Deaths,189,Tanzania,Percent,2017,1,1,1
Deaths,189,Tanzania,Rate,2017,634.6689237,702.0065781,577.1210008
Deaths,163,India,Number,2017,9909501.469,10093179.27,9731577.81
Deaths,163,India,Percent,2017,1,1,1
Deaths,163,India,Rate,2017,717.7883536,731.092937,704.9005679
Deaths,214,Nigeria,Number,2017,1582430.491,1895742.596,1345840.194
Deaths,214,Nigeria,Percent,2017,1,1,1
Deaths,214,Nigeria,Rate,2017,767.8423291,919.8706794,653.0416821
Deaths,67,Japan,Number,2017,1371733.906,1396464.343,1347734.872
Deaths,67,Japan,Percent,2017,1,1,1
Deaths,67,Japan,Rate,2017,1068.634386,1087.900364,1049.938199
Deaths,115,Jamaica,Number,2017,20259.91055,22587.68764,18193.55401
Deaths,115,Jamaica,Percent,2017,1,1,1
Deaths,115,Jamaica,Rate,2017,728.9667457,812.7219079,654.6176909
Deaths,17,Sri Lanka,Number,2017,125996.5111,142481.9115,109301.8963
Deaths,17,Sri Lanka,Percent,2017,1,1,1
Deaths,17,Sri Lanka,Rate,2017,583.4134039,659.747292,506.110771
Deaths,116,Saint Lucia,Number,2017,1329.666575,1395.038785,1268.881729
Deaths,116,Saint Lucia,Percent,2017,1,1,1
Deaths,116,Saint Lucia,Rate,2017,753.4612596,790.5047024,719.0172664
Deaths,168,Angola,Number,2017,184355.5217,205996.1992,163279.7216
Deaths,168,Angola,Percent,2017,1,1,1
Deaths,168,Angola,Rate,2017,653.6897011,730.4234375,578.9589128
Deaths,119,Trinidad and Tobago,Number,2017,11408.59116,13258.5701,9795.329904
Deaths,119,Trinidad and Tobago,Percent,2017,1,1,1
Deaths,119,Trinidad and Tobago,Rate,2017,819.6976279,952.6170507,703.7861709
Deaths,193,Botswana,Number,2017,14257.94633,15996.51001,12983.49622
Deaths,193,Botswana,Percent,2017,1,1,1
Deaths,193,Botswana,Rate,2017,624.8434438,701.0346492,568.9916559
Deaths,68,South Korea,Number,2017,299614.9481,315099.1119,284397.5693
Deaths,68,South Korea,Percent,2017,1,1,1
Deaths,68,South Korea,Rate,2017,568.845132,598.2431686,539.95361
Deaths,48,Hungary,Number,2017,122036.0825,127406.5825,117082.5964
Deaths,48,Hungary,Percent,2017,1,1,1
Deaths,48,Hungary,Rate,2017,1254.564756,1309.774985,1203.641546
Deaths,217,Sierra Leone,Number,2017,71226.9839,80326.34212,63054.24482
Deaths,217,Sierra Leone,Percent,2017,1,1,1
Deaths,217,Sierra Leone,Rate,2017,909.6969086,1025.912107,805.3163064
Deaths,94,Switzerland,Number,2017,64565.07365,67405.18934,61602.89827
Deaths,94,Switzerland,Percent,2017,1,1,1
Deaths,94,Switzerland,Rate,2017,751.3606213,784.4117893,716.889013
Deaths,20,Vietnam,Number,2017,606304.4328,666410.1351,557721.0582
Deaths,20,Vietnam,Percent,2017,1,1,1
Deaths,20,Vietnam,Rate,2017,630.6426206,693.1610776,580.1090189
Deaths,169,Central African Republic,Number,2017,63852.413,72472.10909,55929.03675
Deaths,169,Central African Republic,Percent,2017,1,1,1
Deaths,169,Central African Republic,Rate,2017,1381.334912,1567.806912,1209.92657
Deaths,46,Croatia,Number,2017,51210.60944,53718.20593,48808.60574
Deaths,46,Croatia,Percent,2017,1,1,1
Deaths,46,Croatia,Rate,2017,1197.770074,1256.4205,1141.589369
Deaths,47,Czech Republic,Number,2017,110500.6938,115822.3148,105463.5601
Deaths,47,Czech Republic,Percent,2017,1,1,1
Deaths,47,Czech Republic,Rate,2017,1043.174685,1093.413106,995.6219495
Deaths,6,China,Number,2017,10452104.19,10762043.94,10151788.9
Deaths,6,China,Percent,2017,1,1,1
Deaths,6,China,Rate,2017,739.9822513,761.9251931,718.7206966
Deaths,18,Thailand,Number,2017,467227.9825,503474.6907,429812.9365
Deaths,18,Thailand,Percent,2017,1,1,1
Deaths,18,Thailand,Rate,2017,661.5517915,712.8737919,608.5755323
Deaths,216,Senegal,Number,2017,87598.82967,96695.20766,79601.78268
Deaths,216,Senegal,Percent,2017,1,1,1
Deaths,216,Senegal,Rate,2017,596.3958856,658.3264209,541.9498851
Deaths,22,Fiji,Number,2017,7252.523883,8014.661435,6509.631269
Deaths,22,Fiji,Percent,2017,1,1,1
Deaths,22,Fiji,Rate,2017,799.6707478,883.7048187,717.7586436
Deaths,194,Lesotho,Number,2017,25216.91565,28052.20772,22245.42275
Deaths,194,Lesotho,Percent,2017,1,1,1
Deaths,194,Lesotho,Rate,2017,1294.783186,1440.363579,1142.209449
Deaths,191,Zambia,Number,2017,118470.6589,131104.3228,106838.9874
Deaths,191,Zambia,Percent,2017,1,1,1
Deaths,191,Zambia,Rate,2017,682.2740081,755.031437,615.2870665
Deaths,141,Egypt,Number,2017,499504.2815,543940.4424,459006.7717
Deaths,141,Egypt,Percent,2017,1,1,1
Deaths,141,Egypt,Rate,2017,517.706806,563.7622729,475.7335192
Deaths,23,Kiribati,Number,2017,1009.19662,1124.732838,905.4238728
Deaths,23,Kiribati,Percent,2017,1,1,1
Deaths,23,Kiribati,Rate,2017,853.5113921,951.2242422,765.7473033
Deaths,218,Togo,Number,2017,50468.38401,56805.95378,45048.10025
Deaths,218,Togo,Percent,2017,1,1,1
Deaths,218,Togo,Rate,2017,671.4765947,755.7973007,599.3602837
Deaths,127,El Salvador,Number,2017,41517.77554,47059.88275,36530.95038
Deaths,127,El Salvador,Percent,2017,1,1,1
Deaths,127,El Salvador,Rate,2017,682.0788194,773.1278675,600.1522765
Deaths,93,Sweden,Number,2017,91940.99135,95503.36718,88310.33539
Deaths,93,Sweden,Percent,2017,1,1,1
Deaths,93,Sweden,Rate,2017,915.2914241,950.7556061,879.1474995
Deaths,95,United Kingdom,Number,2017,608261.5054,613315.2955,603285.9521
Deaths,95,United Kingdom,Percent,2017,1,1,1
Deaths,95,United Kingdom,Rate,2017,912.818789,920.4030179,905.35197
Deaths,522,Sudan,Number,2017,209005.5058,236534.8752,183225.8227
Deaths,522,Sudan,Percent,2017,1,1,1
Deaths,522,Sudan,Rate,2017,519.1967389,587.583257,455.1566681
Deaths,143,Iraq,Number,2017,152177.6591,160521.797,144598.8182
Deaths,143,Iraq,Percent,2017,1,1,1
Deaths,143,Iraq,Rate,2017,351.4135122,370.682062,333.9122106
Deaths,146,Lebanon,Number,2017,33578.40161,35490.81522,31797.17181
Deaths,146,Lebanon,Percent,2017,1,1,1
Deaths,146,Lebanon,Rate,2017,394.484051,416.9513701,373.5578986
Deaths,196,South Africa,Number,2017,475367.458,495033.0304,458467.5924
Deaths,196,South Africa,Percent,2017,1,1,1
Deaths,196,South Africa,Rate,2017,865.0458971,900.8321554,834.2925099
Deaths,26,Papua New Guinea,Number,2017,84869.33195,96518.70679,74539.17265
Deaths,26,Papua New Guinea,Percent,2017,1,1,1
Deaths,26,Papua New Guinea,Rate,2017,919.7384467,1045.984025,807.7893545
Deaths,117,Saint Vincent and the Grenadines,Number,2017,1005.171644,1050.811623,963.2335058
Deaths,117,Saint Vincent and the Grenadines,Percent,2017,1,1,1
Deaths,117,Saint Vincent and the Grenadines,Rate,2017,880.8668366,920.8627354,844.1149886
Deaths,123,Peru,Number,2017,141758.5561,157908.1642,126715.1603
Deaths,123,Peru,Percent,2017,1,1,1
Deaths,123,Peru,Rate,2017,426.731527,475.3462075,381.4468441
Deaths,55,Slovenia,Number,2017,19903.95618,21039.74998,18852.65575
Deaths,55,Slovenia,Percent,2017,1,1,1
Deaths,55,Slovenia,Rate,2017,962.0753461,1016.974945,911.2598089
Deaths,74,Andorra,Number,2017,559.4858725,609.6491202,510.392346
Deaths,74,Andorra,Percent,2017,1,1,1
Deaths,74,Andorra,Rate,2017,699.6546801,762.385399,638.2616812
Deaths,125,Colombia,Number,2017,234216.5811,255101.5692,214782.4849
Deaths,125,Colombia,Percent,2017,1,1,1
Deaths,125,Colombia,Rate,2017,462.822302,504.0919603,424.4196702
Deaths,170,Congo,Number,2017,37911.61085,42831.03732,33704.88622
Deaths,170,Congo,Percent,2017,1,1,1
Deaths,170,Congo,Rate,2017,771.6477171,871.7770474,686.0246221
Deaths,71,Australia,Number,2017,170872.3863,185429.5264,156975.5339
Deaths,71,Australia,Percent,2017,1,1,1
Deaths,71,Australia,Rate,2017,713.6607955,774.4597371,655.6195933
Deaths,24,Marshall Islands,Number,2017,415.0576149,462.955608,370.6805472
Deaths,24,Marshall Islands,Percent,2017,1,1,1
Deaths,24,Marshall Islands,Rate,2017,737.0854898,822.1457667,658.2778941
Deaths,97,Argentina,Number,2017,332465.3298,363637.6064,306009.7694
Deaths,97,Argentina,Percent,2017,1,1,1
Deaths,97,Argentina,Rate,2017,751.0640487,821.4845533,691.2989588
Deaths,140,Bahrain,Number,2017,3326.172825,3587.90703,3089.504904
Deaths,140,Bahrain,Percent,2017,1,1,1
Deaths,140,Bahrain,Rate,2017,226.2129055,244.0134403,210.117128
Deaths,49,Macedonia,Number,2017,19110.99336,19949.71099,18281.85795
Deaths,49,Macedonia,Percent,2017,1,1,1
Deaths,49,Macedonia,Rate,2017,878.7357285,917.300503,840.6115506
Deaths,144,Jordan,Number,2017,27515.49063,30070.28885,25190.98186
Deaths,144,Jordan,Percent,2017,1,1,1
Deaths,144,Jordan,Rate,2017,258.3987027,282.3908805,236.5691792
Deaths,165,Pakistan,Number,2017,1416037.442,1589763.314,1249527.112
Deaths,165,Pakistan,Percent,2017,1,1,1
Deaths,165,Pakistan,Rate,2017,660.812143,741.8835629,583.107949
Deaths,190,Uganda,Number,2017,232630.5443,256092.4778,213451.1927
Deaths,190,Uganda,Percent,2017,1,1,1
Deaths,190,Uganda,Rate,2017,595.2921674,655.3303077,546.2129813
Deaths,147,Libya,Number,2017,34455.83411,38113.29022,31023.88033
Deaths,147,Libya,Percent,2017,1,1,1
Deaths,147,Libya,Rate,2017,498.7282168,551.6677729,449.0526761
Deaths,44,Bosnia and Herzegovina,Number,2017,37010.53831,38824.7301,35353.5302
Deaths,44,Bosnia and Herzegovina,Percent,2017,1,1,1
Deaths,44,Bosnia and Herzegovina,Rate,2017,1088.788793,1142.159314,1040.042357
Deaths,197,Swaziland,Number,2017,10124.38538,11325.24755,9052.175397
Deaths,197,Swaziland,Percent,2017,1,1,1
Deaths,197,Swaziland,Rate,2017,900.3971221,1007.194009,805.0417253
Deaths,171,Democratic Republic of the Congo,Number,2017,642873.0953,715297.102,577580.4113
Deaths,171,Democratic Republic of the Congo,Percent,2017,1,1,1
Deaths,171,Democratic Republic of the Congo,Rate,2017,794.8021423,884.3419849,714.0789553
Deaths,121,Bolivia,Number,2017,66605.36917,75674.95331,57820.57423
Deaths,121,Bolivia,Percent,2017,1,1,1
Deaths,121,Bolivia,Rate,2017,577.0198362,655.5920297,500.9148464
Deaths,69,Singapore,Number,2017,19840.39039,20898.62624,18862.73135
Deaths,69,Singapore,Percent,2017,1,1,1
Deaths,69,Singapore,Rate,2017,356.2980757,375.3021069,338.7410606
Deaths,118,Suriname,Number,2017,4297.711558,4638.375568,3946.013076
Deaths,118,Suriname,Percent,2017,1,1,1
Deaths,118,Suriname,Rate,2017,750.7402829,810.2487426,689.3042805
Deaths,25,Federated States of Micronesia,Number,2017,747.3489716,831.1779359,667.8933476
Deaths,25,Federated States of Micronesia,Percent,2017,1,1,1
Deaths,25,Federated States of Micronesia,Rate,2017,719.1143006,799.776226,642.6604917
Deaths,195,Namibia,Number,2017,17000.85274,18946.69212,15259.52338
Deaths,195,Namibia,Percent,2017,1,1,1
Deaths,195,Namibia,Rate,2017,722.3638894,805.0423362,648.375045
Deaths,52,Romania,Number,2017,261100.9973,270830.8609,250664.9434
Deaths,52,Romania,Percent,2017,1,1,1
Deaths,52,Romania,Rate,2017,1343.542975,1393.609769,1289.842349
Deaths,45,Bulgaria,Number,2017,107619.3912,112030.3924,102918.2799
Deaths,45,Bulgaria,Percent,2017,1,1,1
Deaths,45,Bulgaria,Rate,2017,1526.009822,1588.556461,1459.349512
Deaths,92,Spain,Number,2017,416519.7247,432610.6,400322.9681
Deaths,92,Spain,Percent,2017,1,1,1
Deaths,92,Spain,Rate,2017,897.8805648,932.5672396,862.9656446
Deaths,145,Kuwait,Number,2017,7732.700449,8142.505481,7354.407004
Deaths,145,Kuwait,Percent,2017,1,1,1
Deaths,145,Kuwait,Rate,2017,181.4250942,191.0399651,172.5495501
Deaths,126,Costa Rica,Number,2017,23551.22804,24687.99281,22445.94109
Deaths,126,Costa Rica,Percent,2017,1,1,1
Deaths,126,Costa Rica,Rate,2017,506.0716661,530.4986064,482.321125
Deaths,142,Iran,Number,2017,380006.2891,381857.9115,378023.521
Deaths,142,Iran,Percent,2017,1,1,1
Deaths,142,Iran,Rate,2017,462.4291463,464.6823832,460.0163185
Deaths,91,Portugal,Number,2017,113754.2174,118559.2115,108925.997
Deaths,91,Portugal,Percent,2017,1,1,1
Deaths,91,Portugal,Rate,2017,1064.943731,1109.927104,1019.742919
Deaths,43,Albania,Number,2017,21756.81898,25052.5204,18729.13792
Deaths,43,Albania,Percent,2017,1,1,1
Deaths,43,Albania,Rate,2017,786.5346464,905.6781365,677.0804079
Deaths,215,Sao Tome and Principe,Number,2017,1052.683255,1144.955596,962.2570539
Deaths,215,Sao Tome and Principe,Percent,2017,1,1,1
Deaths,215,Sao Tome and Principe,Rate,2017,525.8001103,571.8888146,480.6335265
Deaths,19,Timor-Leste,Number,2017,7192.822325,7846.265067,6558.175195
Deaths,19,Timor-Leste,Percent,2017,1,1,1
Deaths,19,Timor-Leste,Rate,2017,558.6717243,609.4250958,509.3782217
Deaths,72,New Zealand,Number,2017,32621.44295,34087.86878,31323.27342
Deaths,173,Gabon,Number,2017,11135.35293,12187.4996,10090.93739
Deaths,173,Gabon,Percent,2017,1,1,1
Deaths,173,Gabon,Rate,2017,653.9744754,715.7665954,592.6364008
Deaths,7,North Korea,Number,2017,235062.4534,259505.8657,209700.0287
Deaths,7,North Korea,Percent,2017,1,1,1
Deaths,7,North Korea,Rate,2017,914.0479415,1009.09694,815.4253342
Deaths,122,Ecuador,Number,2017,87369.65924,94465.74772,81318.9898
Deaths,122,Ecuador,Percent,2017,1,1,1
Deaths,122,Ecuador,Rate,2017,523.6046272,566.1313441,487.3430858
Deaths,72,New Zealand,Percent,2017,1,1,1
Deaths,72,New Zealand,Rate,2017,733.3339121,766.2993389,704.1509068
Deaths,172,Equatorial Guinea,Number,2017,7261.56315,9445.491868,5560.964984
Deaths,172,Equatorial Guinea,Percent,2017,1,1,1
Deaths,172,Equatorial Guinea,Rate,2017,539.8807606,702.2509106,413.4451417
Deaths,75,Austria,Number,2017,81371.37953,85119.61869,77969.19504
Deaths,75,Austria,Percent,2017,1,1,1
Deaths,75,Austria,Rate,2017,925.397689,968.024616,886.7062758
Deaths,98,Chile,Number,2017,112316.1523,122690.7448,102863.083
Deaths,98,Chile,Percent,2017,1,1,1
Deaths,98,Chile,Rate,2017,626.8259844,684.7256186,574.0692852
Deaths,198,Zimbabwe,Number,2017,117627.5325,128492.9564,106983.304
Deaths,198,Zimbabwe,Percent,2017,1,1,1
Deaths,198,Zimbabwe,Rate,2017,799.4392852,873.2846383,727.0972557
Deaths,148,Morocco,Number,2017,220711.2848,251069.8101,191721.2868
Deaths,148,Morocco,Percent,2017,1,1,1
Deaths,148,Morocco,Rate,2017,621.9161159,707.4597987,540.2286436
Deaths,59,Latvia,Number,2017,28053.91677,30523.41243,25690.80203
Deaths,59,Latvia,Percent,2017,1,1,1
Deaths,59,Latvia,Rate,2017,1442.043912,1568.982379,1320.5737
Deaths,10,Cambodia,Number,2017,101856.8564,111126.5375,93884.55098
Deaths,10,Cambodia,Percent,2017,1,1,1
Deaths,10,Cambodia,Rate,2017,631.7729543,689.2686798,582.3242759
Deaths,298,American Samoa,Number,2017,327.9478161,354.4597346,301.1352218
Deaths,298,American Samoa,Percent,2017,1,1,1
Deaths,298,American Samoa,Rate,2017,589.5079329,637.1648635,541.3105179
Deaths,77,Cyprus,Number,2017,7737.816165,8289.696579,7244.80799
Deaths,77,Cyprus,Percent,2017,1,1,1
Deaths,77,Cyprus,Rate,2017,612.8321836,656.5409086,573.7861181
Deaths,175,Burundi,Number,2017,81916.8345,91909.86246,73118.99035
Deaths,175,Burundi,Percent,2017,1,1,1
Deaths,175,Burundi,Rate,2017,751.1575372,842.7911839,670.4834367
Deaths,8,Taiwan (Province of China),Number,2017,179636.5824,187207.3638,172529.59
Deaths,8,Taiwan (Province of China),Percent,2017,1,1,1
Deaths,8,Taiwan (Province of China),Rate,2017,761.716596,793.8191317,731.5806736
Deaths,60,Lithuania,Number,2017,40898.85977,42857.90301,38973.39721
Deaths,60,Lithuania,Percent,2017,1,1,1
Deaths,60,Lithuania,Rate,2017,1436.233335,1505.028485,1368.617428
Deaths,76,Belgium,Number,2017,108891.579,113903.3093,104219.0022
Deaths,76,Belgium,Percent,2017,1,1,1
Deaths,76,Belgium,Rate,2017,961.9898116,1006.265352,920.7104833
Deaths,111,Dominican Republic,Number,2017,67052.56532,73476.78485,60447.06861
Deaths,111,Dominican Republic,Percent,2017,1,1,1
Deaths,111,Dominican Republic,Rate,2017,641.5439266,703.0094201,578.3440135
Deaths,99,Uruguay,Number,2017,33513.55311,36397.15312,30705.78963
Deaths,99,Uruguay,Percent,2017,1,1,1
Deaths,99,Uruguay,Rate,2017,979.4898296,1063.767879,897.4282301
Deaths,33,Armenia,Number,2017,28294.13046,29041.68189,27586.06796
Deaths,33,Armenia,Percent,2017,1,1,1
Deaths,33,Armenia,Rate,2017,934.6536964,959.3479244,911.2639253
Deaths,305,Bermuda,Number,2017,526.272292,555.7818647,499.7483683
Deaths,305,Bermuda,Percent,2017,1,1,1
Deaths,305,Bermuda,Rate,2017,798.7610311,843.5498164,758.5037783
Deaths,102,United States,Number,2017,2857692.988,2907777.529,2806192.676
Deaths,102,United States,Percent,2017,1,1,1
Deaths,102,United States,Rate,2017,879.7258879,895.1441528,863.8717854
Deaths,149,Palestine,Number,2017,14447.75739,15132.53327,13803.04942
Deaths,149,Palestine,Percent,2017,1,1,1
Deaths,149,Palestine,Rate,2017,297.763182,311.8761713,284.4759784
Deaths,176,Comoros,Number,2017,4418.412457,4904.444641,3944.523617
Deaths,176,Comoros,Percent,2017,1,1,1
Deaths,176,Comoros,Rate,2017,615.1021599,682.764346,549.1304898
Deaths,53,Serbia,Number,2017,123685.1018,128877.0874,118555.7278
Deaths,53,Serbia,Percent,2017,1,1,1
Deaths,53,Serbia,Rate,2017,1393.776542,1452.283732,1335.974907
Deaths,62,Russian Federation,Number,2017,1834721.873,1846658.395,1822196.786
Deaths,62,Russian Federation,Percent,2017,1,1,1
Deaths,62,Russian Federation,Rate,2017,1255.026703,1263.191785,1246.459018
Deaths,11,Indonesia,Number,2017,1642526.181,1719459.595,1572156.389
Deaths,11,Indonesia,Percent,2017,1,1,1
Deaths,11,Indonesia,Rate,2017,636.3059097,666.1095052,609.0450265
Deaths,132,Panama,Number,2017,18978.51038,19879.74914,18070.29148
Deaths,132,Panama,Percent,2017,1,1,1
Deaths,132,Panama,Rate,2017,484.011894,506.9963259,460.8494465
Deaths,135,Brazil,Number,2017,1349150.422,1357260.63,1341187.258
Deaths,135,Brazil,Percent,2017,1,1,1
Deaths,135,Brazil,Rate,2017,636.9544299,640.7833826,633.1948993
Deaths,80,France,Number,2017,579163.2917,604715.4354,556349.898
Deaths,80,France,Percent,2017,1,1,1
Deaths,80,France,Rate,2017,881.3580626,920.2427574,846.6411377
Deaths,54,Slovakia,Number,2017,52781.96605,55286.67737,50410.23867
Deaths,54,Slovakia,Percent,2017,1,1,1
Deaths,54,Slovakia,Rate,2017,973.9789491,1020.19807,930.2137635
Deaths,349,Greenland,Number,2017,448.6578294,466.932944,428.1174611
Deaths,349,Greenland,Percent,2017,1,1,1
Deaths,349,Greenland,Rate,2017,798.958628,831.5024944,762.3808545
Deaths,200,Benin,Number,2017,80805.06915,91840.56164,71219.84081
Deaths,200,Benin,Percent,2017,1,1,1
Deaths,200,Benin,Rate,2017,697.4792485,792.7335078,614.743129
Deaths,152,Saudi Arabia,Number,2017,94588.10623,105514.6892,85535.86836
Deaths,152,Saudi Arabia,Percent,2017,1,1,1
Deaths,152,Saudi Arabia,Rate,2017,274.6137465,306.3364442,248.3327577
Deaths,27,Samoa,Number,2017,1083.752019,1179.164924,980.8297821
Deaths,27,Samoa,Percent,2017,1,1,1
Deaths,27,Samoa,Rate,2017,544.8224573,592.7883136,493.0815194
Deaths,133,Venezuela,Number,2017,172584.837,195595.3522,153708.1237
Deaths,133,Venezuela,Percent,2017,1,1,1
Deaths,133,Venezuela,Rate,2017,559.763514,634.3960662,498.5385794
Deaths,130,Mexico,Number,2017,711319.577,718770.1457,703472.726
Deaths,130,Mexico,Percent,2017,1,1,1
Deaths,130,Mexico,Rate,2017,561.9982231,567.8847564,555.7985957
Deaths,28,Solomon Islands,Number,2017,4131.793572,4590.268925,3712.644818
Deaths,28,Solomon Islands,Percent,2017,1,1,1
Deaths,28,Solomon Islands,Rate,2017,648.0159977,719.9216625,582.2781787
Deaths,153,Syria,Number,2017,114382.6835,124488.2786,105916.7447
Deaths,153,Syria,Percent,2017,1,1,1
Deaths,153,Syria,Rate,2017,630.8612972,686.5972587,584.1686247
Deaths,50,Montenegro,Number,2017,6502.302866,6941.596711,6107.098998
Deaths,50,Montenegro,Percent,2017,1,1,1
Deaths,50,Montenegro,Rate,2017,1038.179245,1108.318358,975.0796849
Deaths,150,Oman,Number,2017,11176.80598,12785.77205,9703.221745
Deaths,150,Oman,Percent,2017,1,1,1
Deaths,150,Oman,Rate,2017,246.4122875,281.8847661,213.924539
Deaths,351,Guam,Number,2017,1251.874467,1326.054174,1178.902026
Deaths,351,Guam,Percent,2017,1,1,1
Deaths,351,Guam,Rate,2017,745.8881823,790.0857184,702.4099561
Deaths,12,Laos,Number,2017,45555.0905,50338.14993,41363.78194
Deaths,12,Laos,Percent,2017,1,1,1
Deaths,12,Laos,Rate,2017,653.5715622,722.1933471,593.4395319
Deaths,81,Germany,Number,2017,947309.1694,1026314.229,870020.073
Deaths,81,Germany,Percent,2017,1,1,1
Deaths,81,Germany,Rate,2017,1137.300661,1232.150905,1044.510531
Deaths,30,Vanuatu,Number,2017,2236.166768,2751.383963,1823.971476
Deaths,30,Vanuatu,Percent,2017,1,1,1
Deaths,30,Vanuatu,Rate,2017,777.6139776,956.7777582,634.2754638
Deaths,131,Nicaragua,Number,2017,23173.67946,25173.18713,21391.39426
Deaths,131,Nicaragua,Percent,2017,1,1,1
Deaths,131,Nicaragua,Rate,2017,362.282908,393.5419686,334.4197684
Deaths,51,Poland,Number,2017,394350.8712,411207.5887,379107.8564
Deaths,51,Poland,Percent,2017,1,1,1
Deaths,51,Poland,Rate,2017,1027.141008,1071.046644,987.4384823
Deaths,154,Tunisia,Number,2017,66264.22208,77773.71099,55998.91896
Deaths,154,Tunisia,Percent,2017,1,1,1
Deaths,154,Tunisia,Rate,2017,579.1221893,679.7104134,489.4076401
Deaths,201,Burkina Faso,Number,2017,182842.1653,208162.904,162603.9151
Deaths,201,Burkina Faso,Percent,2017,1,1,1
Deaths,201,Burkina Faso,Rate,2017,865.649363,985.528064,769.8332344
Deaths,151,Qatar,Number,2017,3745.639001,4382.899165,3163.737562
Deaths,151,Qatar,Percent,2017,1,1,1
Deaths,151,Qatar,Rate,2017,136.3383781,159.5341578,115.1576134
Deaths,376,Northern Mariana Islands,Number,2017,265.4824326,288.3178242,242.7737996
Deaths,376,Northern Mariana Islands,Percent,2017,1,1,1
Deaths,376,Northern Mariana Islands,Rate,2017,591.5627383,642.4458294,540.962098
Deaths,205,Cote d'Ivoire,Number,2017,185069.0727,204569.2787,165625.0267
Deaths,205,Cote d'Ivoire,Percent,2017,1,1,1
Deaths,205,Cote d'Ivoire,Rate,2017,741.3058404,819.4151453,663.4214883
Deaths,82,Greece,Number,2017,120257.5755,125594.0026,114933.0915
Deaths,82,Greece,Percent,2017,1,1,1
Deaths,82,Greece,Rate,2017,1156.065113,1207.365476,1104.879563
Deaths,29,Tonga,Number,2017,700.7886221,778.6473155,629.6651333
Deaths,29,Tonga,Percent,2017,1,1,1
Deaths,29,Tonga,Rate,2017,681.4487887,757.1587969,612.2881121
Deaths,203,Cape Verde,Number,2017,3001.339103,3185.902904,2813.875126
Deaths,203,Cape Verde,Percent,2017,1,1,1
Deaths,203,Cape Verde,Rate,2017,549.8913138,583.7062301,515.5450406
Deaths,109,Cuba,Number,2017,101444.3786,110745.3915,93210.0349
Deaths,109,Cuba,Percent,2017,1,1,1
Deaths,109,Cuba,Rate,2017,891.6878848,973.443036,819.3086697
Deaths,13,Malaysia,Number,2017,165133.2044,176854.0703,154446.7212
Deaths,13,Malaysia,Percent,2017,1,1,1
Deaths,13,Malaysia,Rate,2017,538.9495192,577.203213,504.0717672
Deaths,84,Ireland,Number,2017,30809.88389,32328.5045,29286.6008
Deaths,84,Ireland,Percent,2017,1,1,1
Deaths,84,Ireland,Rate,2017,633.8761829,665.1199694,602.5364713
Deaths,385,Puerto Rico,Number,2017,34519.64966,35968.55119,33093.35524
Deaths,385,Puerto Rico,Percent,2017,1,1,1
Deaths,385,Puerto Rico,Rate,2017,941.6464096,981.17036,902.7391485
Deaths,177,Djibouti,Number,2017,6226.851598,8168.356097,4797.667026
Deaths,177,Djibouti,Percent,2017,1,1,1
Deaths,177,Djibouti,Rate,2017,559.4150568,733.8381714,431.0183292
Deaths,178,Eritrea,Number,2017,41762.5426,47914.94193,36163.802
Deaths,178,Eritrea,Percent,2017,1,1,1
Deaths,178,Eritrea,Rate,2017,712.7529901,817.7547632,617.2004004
Deaths,83,Iceland,Number,2017,2203.945548,2276.374519,2138.407852
Deaths,83,Iceland,Percent,2017,1,1,1
Deaths,83,Iceland,Rate,2017,653.0779062,674.5402153,633.6576343
Deaths,182,Malawi,Number,2017,129414.7417,142086.7069,118979.2246
Deaths,182,Malawi,Percent,2017,1,1,1
Deaths,182,Malawi,Rate,2017,752.7957156,826.5075739,692.0931056
Deaths,202,Cameroon,Number,2017,191215.0481,212936.2019,169870.6274
Deaths,202,Cameroon,Percent,2017,1,1,1
Deaths,202,Cameroon,Rate,2017,688.5734617,766.7922537,611.7113016
Deaths,128,Guatemala,Number,2017,89106.43918,97069.16768,82119.22979
Deaths,128,Guatemala,Percent,2017,1,1,1
Deaths,128,Guatemala,Rate,2017,526.5028588,573.5522006,485.2175628
Deaths,110,Dominica,Number,2017,687.8771963,723.1564089,653.4134319
Deaths,110,Dominica,Percent,2017,1,1,1
Deaths,110,Dominica,Rate,2017,997.8907838,1049.069688,947.8948352
Deaths,101,Canada,Number,2017,279402.9612,291871.4241,267866.2115
Deaths,101,Canada,Percent,2017,1,1,1
Deaths,101,Canada,Rate,2017,776.4877899,811.1388513,744.4260492
Deaths,180,Kenya,Number,2017,288899.3114,297169.2663,280686.5399
Deaths,180,Kenya,Percent,2017,1,1,1
Deaths,180,Kenya,Rate,2017,597.803813,614.9163862,580.8095666
Deaths,85,Israel,Number,2017,45677.04166,47875.62951,43608.71225
Deaths,85,Israel,Percent,2017,1,1,1
Deaths,85,Israel,Rate,2017,510.4037419,534.9711706,487.2918452
Deaths,183,Mauritius,Number,2017,10332.64619,10882.73982,9795.224772
Deaths,183,Mauritius,Percent,2017,1,1,1
Deaths,183,Mauritius,Rate,2017,812.2434386,855.4859863,769.9970468
Deaths,78,Denmark,Number,2017,54215.63603,56815.50857,51631.03316
Deaths,78,Denmark,Percent,2017,1,1,1
Deaths,78,Denmark,Rate,2017,945.7956263,991.1505875,900.7070454
Deaths,179,Ethiopia,Number,2017,536989.9966,566670.4564,511091.8476
Deaths,179,Ethiopia,Percent,2017,1,1,1
Deaths,179,Ethiopia,Rate,2017,521.9376373,550.7861245,496.7654389
Deaths,204,Chad,Number,2017,146652.5926,164489.4239,130956.8531
Deaths,204,Chad,Percent,2017,1,1,1
Deaths,204,Chad,Rate,2017,963.4198416,1080.597157,860.3082182
Deaths,61,Moldova,Number,2017,41804.33553,42713.23234,40829.6751
Deaths,61,Moldova,Percent,2017,1,1,1
Deaths,61,Moldova,Rate,2017,1123.222779,1147.643538,1097.035045
Deaths,105,Antigua and Barbuda,Number,2017,563.3243668,591.56199,532.7186525
Deaths,105,Antigua and Barbuda,Percent,2017,1,1,1
Deaths,105,Antigua and Barbuda,Rate,2017,633.252168,664.9950451,598.8472388
Deaths,422,"Virgin Islands, U.S.",Number,2017,1256.884752,1368.739793,1096.413489
Deaths,422,"Virgin Islands, U.S.",Percent,2017,1,1,1
Deaths,422,"Virgin Islands, U.S.",Rate,2017,1197.576579,1304.153555,1044.677416
Deaths,129,Honduras,Number,2017,44427.8745,50611.84891,38310.60802
Deaths,129,Honduras,Percent,2017,1,1,1
Deaths,129,Honduras,Rate,2017,467.7201966,532.8227873,403.3198823
Deaths,181,Madagascar,Number,2017,184888.5758,212987.5089,161143.2028
Deaths,181,Madagascar,Percent,2017,1,1,1
Deaths,181,Madagascar,Rate,2017,708.1470044,815.7695293,617.1991745
Deaths,106,The Bahamas,Number,2017,2517.107002,2682.715968,2357.927213
Deaths,106,The Bahamas,Percent,2017,1,1,1
Deaths,106,The Bahamas,Rate,2017,670.4409394,714.5515117,628.0428025
Deaths,79,Finland,Number,2017,55071.11546,57861.19594,52675.41979
Deaths,79,Finland,Percent,2017,1,1,1
Deaths,79,Finland,Rate,2017,998.0307434,1048.594202,954.6145549
Deaths,206,The Gambia,Number,2017,13652.37281,15329.15766,12314.58852
Deaths,206,The Gambia,Percent,2017,1,1,1
Deaths,206,The Gambia,Rate,2017,640.2021907,718.8318438,577.4693277
Deaths,57,Belarus,Number,2017,120940.7877,126279.8356,115827.0065
Deaths,57,Belarus,Percent,2017,1,1,1
Deaths,57,Belarus,Rate,2017,1274.262804,1330.516366,1220.382708
Deaths,207,Ghana,Number,2017,201638.6518,219694.8064,185652.1281
Deaths,207,Ghana,Percent,2017,1,1,1
Deaths,207,Ghana,Rate,2017,667.5606835,727.3388005,614.6344483
Deaths,155,Turkey,Number,2017,402293.6154,430232.4548,374822.5153
Deaths,155,Turkey,Percent,2017,1,1,1
Deaths,155,Turkey,Rate,2017,500.0116347,534.7368806,465.8677428
Deaths,157,Yemen,Number,2017,164695.3539,202465.5915,134862.4104
Deaths,157,Yemen,Percent,2017,1,1,1
Deaths,157,Yemen,Rate,2017,540.8863748,664.929989,442.9101278
Deaths,58,Estonia,Number,2017,15296.43707,16779.67222,13854.00653
Deaths,58,Estonia,Percent,2017,1,1,1
Deaths,58,Estonia,Rate,2017,1163.631264,1276.463997,1053.902622
Deaths,107,Barbados,Number,2017,2778.11275,2945.423332,2606.525322
Deaths,107,Barbados,Percent,2017,1,1,1
Deaths,107,Barbados,Rate,2017,938.9201256,995.466165,880.9286385
Deaths,87,Luxembourg,Number,2017,4416.967091,4726.902015,4116.199335
Deaths,87,Luxembourg,Percent,2017,1,1,1
Deaths,87,Luxembourg,Rate,2017,747.9455448,800.4282645,697.0151444
Deaths,184,Mozambique,Number,2017,256849.8178,286078.0421,232530.0173
Deaths,184,Mozambique,Percent,2017,1,1,1
Deaths,184,Mozambique,Rate,2017,855.1597055,952.472602,774.1889904
Deaths,156,United Arab Emirates,Number,2017,26374.50983,31746.20241,21543.83614
Deaths,156,United Arab Emirates,Percent,2017,1,1,1
Deaths,156,United Arab Emirates,Rate,2017,270.9496432,326.1339176,221.3233442
Deaths,37,Kyrgyzstan,Number,2017,33901.24222,34685.80861,33097.8532
Deaths,37,Kyrgyzstan,Percent,2017,1,1,1
Deaths,37,Kyrgyzstan,Rate,2017,532.3206229,544.6399611,519.70573
Deaths,34,Azerbaijan,Number,2017,75511.84081,80241.66088,71267.06604
Deaths,34,Azerbaijan,Percent,2017,1,1,1
Deaths,34,Azerbaijan,Rate,2017,738.5006249,784.7579407,696.9870187
Deaths,108,Belize,Number,2017,1874.538935,1946.23595,1812.215411
Deaths,108,Belize,Percent,2017,1,1,1
Deaths,108,Belize,Rate,2017,474.6167604,492.7698136,458.8369928
Deaths,185,Rwanda,Number,2017,68229.70446,75082.52971,61912.22429
Deaths,185,Rwanda,Percent,2017,1,1,1
Deaths,185,Rwanda,Rate,2017,543.4822948,598.068332,493.1605376
Deaths,160,Afghanistan,Number,2017,226650.0555,253551.8123,202692.8492
Deaths,160,Afghanistan,Percent,2017,1,1,1
Deaths,160,Afghanistan,Rate,2017,689.8544079,771.7352416,616.935898
Deaths,38,Mongolia,Number,2017,21210.01455,22822.42609,19674.9554
Deaths,38,Mongolia,Percent,2017,1,1,1
Deaths,38,Mongolia,Rate,2017,652.3297038,701.9206147,605.117823
Deaths,36,Kazakhstan,Number,2017,134591.6536,139815.8461,129773.2866
Deaths,36,Kazakhstan,Percent,2017,1,1,1
Deaths,36,Kazakhstan,Rate,2017,751.7266602,780.9050283,724.8149252
Deaths,35,Georgia,Number,2017,50563.74203,51700.14025,49322.97531
Deaths,35,Georgia,Percent,2017,1,1,1
Deaths,35,Georgia,Rate,2017,1369.800427,1400.586099,1336.187353
Deaths,210,Liberia,Number,2017,31198.81227,35136.69929,27767.80989
Deaths,210,Liberia,Percent,2017,1,1,1
Deaths,210,Liberia,Rate,2017,660.6225344,744.0057376,587.9724134
Deaths,208,Guinea,Number,2017,108465.6338,120128.9602,98591.27775
Deaths,208,Guinea,Percent,2017,1,1,1
Deaths,208,Guinea,Rate,2017,917.6459738,1016.320588,834.1064899
Deaths,86,Italy,Number,2017,622129.8344,649341.8584,594419.1651
Deaths,86,Italy,Percent,2017,1,1,1
Deaths,86,Italy,Rate,2017,1026.659582,1071.565779,980.9305029
Deaths,209,Guinea-Bissau,Number,2017,15504.47454,17357.90134,13778.84342
Deaths,209,Guinea-Bissau,Percent,2017,1,1,1
Deaths,209,Guinea-Bissau,Rate,2017,835.5772739,935.4633622,742.5784343
Deaths,136,Paraguay,Number,2017,32695.74517,37319.61065,28811.34316
Deaths,136,Paraguay,Percent,2017,1,1,1
Deaths,136,Paraguay,Rate,2017,471.7200982,538.4312335,415.6776228
DALYs (Disability-Adjusted Life Years),17,Sri Lanka,Number,2017,5169406.388,6014393.501,4480181.212
DALYs (Disability-Adjusted Life Years),17,Sri Lanka,Percent,2017,1,1,1
DALYs (Disability-Adjusted Life Years),17,Sri Lanka,Rate,2017,23936.38483,27849.00752,20745.00118
DALYs (Disability-Adjusted Life Years),66,Brunei,Number,2017,96652.76043,109487.7576,85525.29817
DALYs (Disability-Adjusted Life Years),66,Brunei,Percent,2017,1,1,1
DALYs (Disability-Adjusted Life Years),66,Brunei,Rate,2017,22350.00497,25317.97247,19776.88822
DALYs (Disability-Adjusted Life Years),163,India,Number,2017,480731945.6,526290399.6,441714556.9
DALYs (Disability-Adjusted Life Years),163,India,Percent,2017,1,1,1
DALYs (Disability-Adjusted Life Years),163,India,Rate,2017,34821.50871,38121.50597,31995.3093
DALYs (Disability-Adjusted Life Years),82,Greece,Number,2017,3165007.815,3581197.024,2788605.29
DALYs (Disability-Adjusted Life Years),82,Greece,Percent,2017,1,1,1
DALYs (Disability-Adjusted Life Years),82,Greece,Rate,2017,30425.98442,34426.91179,26807.53605
DALYs (Disability-Adjusted Life Years),213,Niger,Number,2017,13115642.26,15207667.18,11364324.31
DALYs (Disability-Adjusted Life Years),213,Niger,Percent,2017,1,1,1
DALYs (Disability-Adjusted Life Years),213,Niger,Rate,2017,61357.01488,71143.83287,53164.07702
DALYs (Disability-Adjusted Life Years),35,Georgia,Number,2017,1435114.763,1569204.908,1317169.84
DALYs (Disability-Adjusted Life Years),35,Georgia,Percent,2017,1,1,1
DALYs (Disability-Adjusted Life Years),35,Georgia,Rate,2017,38878.07223,42510.65024,35682.87744
DALYs (Disability-Adjusted Life Years),18,Thailand,Number,2017,19531733.25,21992879.78,17341595.8
DALYs (Disability-Adjusted Life Years),18,Thailand,Percent,2017,1,1,1
DALYs (Disability-Adjusted Life Years),18,Thailand,Rate,2017,27655.1354,31139.89223,24554.10249
DALYs (Disability-Adjusted Life Years),197,Swaziland,Number,2017,576617.5484,641322.3585,520666.2011
DALYs (Disability-Adjusted Life Years),197,Swaziland,Percent,2017,1,1,1
DALYs (Disability-Adjusted Life Years),197,Swaziland,Rate,2017,51280.62213,57035.04796,46304.67246
DALYs (Disability-Adjusted Life Years),376,Northern Mariana Islands,Number,2017,12179.45726,13877.32945,10702.27658
DALYs (Disability-Adjusted Life Years),376,Northern Mariana Islands,Percent,2017,1,1,1
DALYs (Disability-Adjusted Life Years),376,Northern Mariana Islands,Rate,2017,27138.94483,30922.23816,23847.40858
DALYs (Disability-Adjusted Life Years),522,Sudan,Number,2017,14301444.16,16437458.03,12477751.29
DALYs (Disability-Adjusted Life Years),522,Sudan,Percent,2017,1,1,1
DALYs (Disability-Adjusted Life Years),522,Sudan,Rate,2017,35526.63908,40832.7741,30996.34986
DALYs (Disability-Adjusted Life Years),67,Japan,Number,2017,35129018.57,40267941.42,30654612.16
DALYs (Disability-Adjusted Life Years),67,Japan,Percent,2017,1,1,1
DALYs (Disability-Adjusted Life Years),67,Japan,Rate,2017,27366.87998,31370.30195,23881.14231
DALYs (Disability-Adjusted Life Years),164,Nepal,Number,2017,9015320.362,10065059.16,8073807.033
DALYs (Disability-Adjusted Life Years),164,Nepal,Percent,2017,1,1,1
DALYs (Disability-Adjusted Life Years),164,Nepal,Rate,2017,30160.12297,33671.95062,27010.35606
DALYs (Disability-Adjusted Life Years),148,Morocco,Number,2017,10345386.66,11846876.24,8996068.258
DALYs (Disability-Adjusted Life Years),148,Morocco,Percent,2017,1,1,1
DALYs (Disability-Adjusted Life Years),148,Morocco,Rate,2017,29151.03637,33381.90553,25348.9523
DALYs (Disability-Adjusted Life Years),214,Nigeria,Number,2017,117672206.3,137185574.4,102236468.3
DALYs (Disability-Adjusted Life Years),214,Nigeria,Percent,2017,1,1,1
DALYs (Disability-Adjusted Life Years),214,Nigeria,Rate,2017,57098.05361,66566.52006,49608.17452
DALYs (Disability-Adjusted Life Years),83,Iceland,Number,2017,75419.78759,87617.88591,64745.60423
DALYs (Disability-Adjusted Life Years),83,Iceland,Percent,2017,1,1,1
DALYs (Disability-Adjusted Life Years),83,Iceland,Rate,2017,22348.55439,25963.12124,19185.55732
DALYs (Disability-Adjusted Life Years),51,Poland,Number,2017,12570486.54,14154475.34,11156226.79
DALYs (Disability-Adjusted Life Years),51,Poland,Percent,2017,1,1,1
DALYs (Disability-Adjusted Life Years),51,Poland,Rate,2017,32741.55874,36867.27515,29057.92497
DALYs (Disability-Adjusted Life Years),99,Uruguay,Number,2017,1018200.633,1145206.766,901793.8314
DALYs (Disability-Adjusted Life Years),99,Uruguay,Percent,2017,1,1,1
DALYs (Disability-Adjusted Life Years),99,Uruguay,Rate,2017,29758.62217,33470.58954,26356.43804
DALYs (Disability-Adjusted Life Years),198,Zimbabwe,Number,2017,6980182.611,7645986.933,6269798.688
DALYs (Disability-Adjusted Life Years),198,Zimbabwe,Percent,2017,1,1,1
DALYs (Disability-Adjusted Life Years),198,Zimbabwe,Rate,2017,47439.84743,51964.89458,42611.82117
DALYs (Disability-Adjusted Life Years),147,Libya,Number,2017,1908747.32,2151568.218,1672869.444
DALYs (Disability-Adjusted Life Years),147,Libya,Percent,2017,1,1,1
DALYs (Disability-Adjusted Life Years),147,Libya,Rate,2017,27628.01051,31142.7022,24213.81505
DALYs (Disability-Adjusted Life Years),131,Nicaragua,Number,2017,1288603.949,1453391.573,1131390.703
DALYs (Disability-Adjusted Life Years),131,Nicaragua,Percent,2017,1,1,1
DALYs (Disability-Adjusted Life Years),131,Nicaragua,Rate,2017,20145.23358,22721.42094,17687.45938
DALYs (Disability-Adjusted Life Years),102,United States,Number,2017,100563718,113306073.2,89138992.73
DALYs (Disability-Adjusted Life Years),102,United States,Percent,2017,1,1,1
DALYs (Disability-Adjusted Life Years),102,United States,Rate,2017,30958.01629,34880.68392,27440.97419
DALYs (Disability-Adjusted Life Years),180,Kenya,Number,2017,17856954.9,19268588.31,16706844.52
DALYs (Disability-Adjusted Life Years),180,Kenya,Percent,2017,1,1,1
DALYs (Disability-Adjusted Life Years),180,Kenya,Rate,2017,36950.43673,39871.45386,34570.57516
DALYs (Disability-Adjusted Life Years),34,Azerbaijan,Number,2017,3226365.611,3607567.611,2905685.054
DALYs (Disability-Adjusted Life Years),34,Azerbaijan,Percent,2017,1,1,1
DALYs (Disability-Adjusted Life Years),34,Azerbaijan,Rate,2017,31553.63443,35281.76385,28417.40057
DALYs (Disability-Adjusted Life Years),50,Montenegro,Number,2017,201463.7411,227115.7548,179931.0907
DALYs (Disability-Adjusted Life Years),50,Montenegro,Percent,2017,1,1,1
DALYs (Disability-Adjusted Life Years),50,Montenegro,Rate,2017,32166.36922,36262.05482,28728.39481
DALYs (Disability-Adjusted Life Years),115,Jamaica,Number,2017,780007.6899,887208.7673,685670.6657
DALYs (Disability-Adjusted Life Years),115,Jamaica,Percent,2017,1,1,1
DALYs (Disability-Adjusted Life Years),115,Jamaica,Rate,2017,28065.26051,31922.43551,24670.94377
DALYs (Disability-Adjusted Life Years),216,Senegal,Number,2017,5338683.285,6118297.612,4703376.585
DALYs (Disability-Adjusted Life Years),216,Senegal,Percent,2017,1,1,1
DALYs (Disability-Adjusted Life Years),216,Senegal,Rate,2017,36347.16078,41654.98029,32021.82557
DALYs (Disability-Adjusted Life Years),181,Madagascar,Number,2017,12671681.4,14876919.74,10858958.33
DALYs (Disability-Adjusted Life Years),181,Madagascar,Percent,2017,1,1,1
DALYs (Disability-Adjusted Life Years),181,Madagascar,Rate,2017,48534.16816,56980.51439,41591.20584
DALYs (Disability-Adjusted Life Years),84,Ireland,Number,2017,1109552.79,1286148.062,958962.8798
DALYs (Disability-Adjusted Life Years),84,Ireland,Percent,2017,1,1,1
DALYs (Disability-Adjusted Life Years),84,Ireland,Rate,2017,22827.70975,26460.94438,19729.50407
DALYs (Disability-Adjusted Life Years),116,Saint Lucia,Number,2017,50189.13322,55909.21813,44982.644
DALYs (Disability-Adjusted Life Years),116,Saint Lucia,Percent,2017,1,1,1
DALYs (Disability-Adjusted Life Years),116,Saint Lucia,Rate,2017,28439.88729,31681.19791,25489.60788
DALYs (Disability-Adjusted Life Years),132,Panama,Number,2017,880652.7762,993744.3966,774729.5095
DALYs (Disability-Adjusted Life Years),132,Panama,Percent,2017,1,1,1
DALYs (Disability-Adjusted Life Years),132,Panama,Rate,2017,22459.42435,25343.61749,19758.04685
DALYs (Disability-Adjusted Life Years),68,South Korea,Number,2017,11871120.25,13804614.64,10281671.08
DALYs (Disability-Adjusted Life Years),68,South Korea,Percent,2017,1,1,1
DALYs (Disability-Adjusted Life Years),68,South Korea,Rate,2017,22538.35801,26209.26589,19520.65002
DALYs (Disability-Adjusted Life Years),149,Palestine,Number,2017,983297.074,1129778.711,854617.0581
DALYs (Disability-Adjusted Life Years),149,Palestine,Percent,2017,1,1,1
DALYs (Disability-Adjusted Life Years),149,Palestine,Rate,2017,20265.40575,23284.3406,17613.35603
DALYs (Disability-Adjusted Life Years),52,Romania,Number,2017,7559006.126,8378242.032,6827271.607
DALYs (Disability-Adjusted Life Years),52,Romania,Percent,2017,1,1,1
DALYs (Disability-Adjusted Life Years),52,Romania,Rate,2017,38896.24967,43111.77798,35130.97576
DALYs (Disability-Adjusted Life Years),19,Timor-Leste,Number,2017,388241.8926,437014.1495,345340.8428
DALYs (Disability-Adjusted Life Years),19,Timor-Leste,Percent,2017,1,1,1
DALYs (Disability-Adjusted Life Years),19,Timor-Leste,Rate,2017,30155.02925,33943.2058,26822.87361
DALYs (Disability-Adjusted Life Years),6,China,Number,2017,371485306.7,413802762.9,334364570.2
DALYs (Disability-Adjusted Life Years),6,China,Percent,2017,1,1,1
DALYs (Disability-Adjusted Life Years),6,China,Rate,2017,26300.20985,29296.17754,23672.15662
DALYs (Disability-Adjusted Life Years),101,Canada,Number,2017,9341347.398,10741643.42,8152279.354
DALYs (Disability-Adjusted Life Years),101,Canada,Percent,2017,1,1,1
DALYs (Disability-Adjusted Life Years),101,Canada,Rate,2017,25960.5058,29852.06358,22655.97097
DALYs (Disability-Adjusted Life Years),215,Sao Tome and Principe,Number,2017,58249.737,65434.16837,51396.4742
DALYs (Disability-Adjusted Life Years),215,Sao Tome and Principe,Percent,2017,1,1,1
DALYs (Disability-Adjusted Life Years),215,Sao Tome and Principe,Rate,2017,29094.90391,32683.4238,25671.79793
DALYs (Disability-Adjusted Life Years),385,Puerto Rico,Number,2017,1126784.462,1260861.65,1013907.716
DALYs (Disability-Adjusted Life Years),385,Puerto Rico,Percent,2017,1,1,1
DALYs (Disability-Adjusted Life Years),385,Puerto Rico,Rate,2017,30737.06,34394.4929,27657.94467
DALYs (Disability-Adjusted Life Years),133,Venezuela,Number,2017,8200703.018,9318866.281,7251773.718
DALYs (Disability-Adjusted Life Years),133,Venezuela,Percent,2017,1,1,1
DALYs (Disability-Adjusted Life Years),133,Venezuela,Rate,2017,26598.24825,30224.91099,23520.48077
DALYs (Disability-Adjusted Life Years),22,Fiji,Number,2017,326300.2787,365630.0046,290086.2613
DALYs (Disability-Adjusted Life Years),22,Fiji,Percent,2017,1,1,1
DALYs (Disability-Adjusted Life Years),22,Fiji,Rate,2017,35978.20457,40314.74063,31985.20973
DALYs (Disability-Adjusted Life Years),36,Kazakhstan,Number,2017,5608898.067,6187920.535,5119588.229
DALYs (Disability-Adjusted Life Years),36,Kazakhstan,Percent,2017,1,1,1
DALYs (Disability-Adjusted Life Years),36,Kazakhstan,Rate,2017,31327.04071,34561.02004,28594.12793
DALYs (Disability-Adjusted Life Years),184,Mozambique,Number,2017,16947926.67,19110048.6,15093683.07
DALYs (Disability-Adjusted Life Years),184,Mozambique,Percent,2017,1,1,1
DALYs (Disability-Adjusted Life Years),184,Mozambique,Rate,2017,56426.68585,63625.28764,50253.13888
DALYs (Disability-Adjusted Life Years),39,Tajikistan,Number,2017,2908871.151,3266661.852,2599886.836
DALYs (Disability-Adjusted Life Years),39,Tajikistan,Percent,2017,1,1,1
DALYs (Disability-Adjusted Life Years),39,Tajikistan,Rate,2017,31468.62998,35339.2666,28125.9886
DALYs (Disability-Adjusted Life Years),53,Serbia,Number,2017,3280869.561,3655683.322,2963764.723
DALYs (Disability-Adjusted Life Years),53,Serbia,Percent,2017,1,1,1
DALYs (Disability-Adjusted Life Years),53,Serbia,Rate,2017,36971.30023,41194.98295,33397.92496
DALYs (Disability-Adjusted Life Years),150,Oman,Number,2017,890451.5187,1034335.052,754194.2276
DALYs (Disability-Adjusted Life Years),150,Oman,Percent,2017,1,1,1
DALYs (Disability-Adjusted Life Years),150,Oman,Rate,2017,19631.56524,22803.73005,16627.53431
DALYs (Disability-Adjusted Life Years),85,Israel,Number,2017,1727452.383,2017030.787,1472850.705
DALYs (Disability-Adjusted Life Years),85,Israel,Percent,2017,1,1,1
DALYs (Disability-Adjusted Life Years),85,Israel,Rate,2017,19302.87357,22538.67641,16457.90716
DALYs (Disability-Adjusted Life Years),165,Pakistan,Number,2017,84322252.89,94898954.35,74324402.39
DALYs (Disability-Adjusted Life Years),165,Pakistan,Percent,2017,1,1,1
DALYs (Disability-Adjusted Life Years),165,Pakistan,Rate,2017,39350.0673,44285.82151,34684.44137
DALYs (Disability-Adjusted Life Years),200,Benin,Number,2017,5617339.967,6506333.428,4883544.857
DALYs (Disability-Adjusted Life Years),200,Benin,Percent,2017,1,1,1
DALYs (Disability-Adjusted Life Years),200,Benin,Rate,2017,48486.78554,56160.24585,42152.93957
DALYs (Disability-Adjusted Life Years),69,Singapore,Number,2017,958204.156,1128009.057,812170.8652
DALYs (Disability-Adjusted Life Years),69,Singapore,Percent,2017,1,1,1
DALYs (Disability-Adjusted Life Years),69,Singapore,Rate,2017,17207.64008,20257.03368,14585.14227
DALYs (Disability-Adjusted Life Years),117,Saint Vincent and the Grenadines,Number,2017,37766.89794,41670.37116,34148.36115
DALYs (Disability-Adjusted Life Years),117,Saint Vincent and the Grenadines,Percent,2017,1,1,1
DALYs (Disability-Adjusted Life Years),117,Saint Vincent and the Grenadines,Rate,2017,33096.44488,36517.19408,29925.39536
DALYs (Disability-Adjusted Life Years),20,Vietnam,Number,2017,24813146.14,27851690.67,22031240.81
DALYs (Disability-Adjusted Life Years),20,Vietnam,Percent,2017,1,1,1
DALYs (Disability-Adjusted Life Years),20,Vietnam,Rate,2017,25809.19198,28969.70935,22915.6158
DALYs (Disability-Adjusted Life Years),135,Brazil,Number,2017,60484378.18,67543301.42,54413001.33
DALYs (Disability-Adjusted Life Years),135,Brazil,Percent,2017,1,1,1
DALYs (Disability-Adjusted Life Years),135,Brazil,Rate,2017,28555.59468,31888.21968,25689.20535
DALYs (Disability-Adjusted Life Years),183,Mauritius,Number,2017,402564.8586,449225.8756,361105.3114
DALYs (Disability-Adjusted Life Years),183,Mauritius,Percent,2017,1,1,1
DALYs (Disability-Adjusted Life Years),183,Mauritius,Rate,2017,31645.39451,35313.39052,28386.28309
DALYs (Disability-Adjusted Life Years),422,"Virgin Islands, U.S.",Number,2017,39126.01953,43871.67234,34457.33394
DALYs (Disability-Adjusted Life Years),422,"Virgin Islands, U.S.",Percent,2017,1,1,1
DALYs (Disability-Adjusted Life Years),422,"Virgin Islands, U.S.",Rate,2017,37279.79397,41801.51535,32831.40799
DALYs (Disability-Adjusted Life Years),118,Suriname,Number,2017,186202.5151,207644.5563,167167.3045
DALYs (Disability-Adjusted Life Years),118,Suriname,Percent,2017,1,1,1
DALYs (Disability-Adjusted Life Years),118,Suriname,Rate,2017,32526.54977,36272.12549,29201.40819
DALYs (Disability-Adjusted Life Years),182,Malawi,Number,2017,8275467.975,9338163.212,7426124.601
DALYs (Disability-Adjusted Life Years),182,Malawi,Percent,2017,1,1,1
DALYs (Disability-Adjusted Life Years),182,Malawi,Rate,2017,48137.76818,54319.38559,43197.20233
DALYs (Disability-Adjusted Life Years),217,Sierra Leone,Number,2017,4820566.941,5545735.667,4170330.672
DALYs (Disability-Adjusted Life Years),217,Sierra Leone,Percent,2017,1,1,1
DALYs (Disability-Adjusted Life Years),217,Sierra Leone,Rate,2017,61567.32469,70829.03581,53262.63605
DALYs (Disability-Adjusted Life Years),119,Trinidad and Tobago,Number,2017,446699.5963,512891.5661,386982.9328
DALYs (Disability-Adjusted Life Years),119,Trinidad and Tobago,Percent,2017,1,1,1
DALYs (Disability-Adjusted Life Years),119,Trinidad and Tobago,Rate,2017,32094.98827,36850.82534,27804.3965
DALYs (Disability-Adjusted Life Years),107,Barbados,Number,2017,87518.36953,98189.07713,77654.77954
DALYs (Disability-Adjusted Life Years),107,Barbados,Percent,2017,1,1,1
DALYs (Disability-Adjusted Life Years),107,Barbados,Rate,2017,29578.62618,33185.01045,26245.02384
DALYs (Disability-Adjusted Life Years),37,Kyrgyzstan,Number,2017,1695206.539,1881783.716,1537044.716
DALYs (Disability-Adjusted Life Years),37,Kyrgyzstan,Percent,2017,1,1,1
DALYs (Disability-Adjusted Life Years),37,Kyrgyzstan,Rate,2017,26618.29897,29547.95206,24134.82655
DALYs (Disability-Adjusted Life Years),151,Qatar,Number,2017,448127.4008,533310.8013,365060.1607
DALYs (Disability-Adjusted Life Years),151,Qatar,Percent,2017,1,1,1
DALYs (Disability-Adjusted Life Years),151,Qatar,Rate,2017,16311.49264,19412.10289,13287.90901
DALYs (Disability-Adjusted Life Years),71,Australia,Number,2017,5868040.506,6792377.963,5067005.17
DALYs (Disability-Adjusted Life Years),71,Australia,Percent,2017,1,1,1
DALYs (Disability-Adjusted Life Years),71,Australia,Rate,2017,24508.2927,28368.85448,21162.71107
DALYs (Disability-Adjusted Life Years),201,Burkina Faso,Number,2017,12915548.42,15142033.7,11192767.64
DALYs (Disability-Adjusted Life Years),201,Burkina Faso,Percent,2017,1,1,1
DALYs (Disability-Adjusted Life Years),201,Burkina Faso,Rate,2017,61147.47245,71688.56158,52991.12578
DALYs (Disability-Adjusted Life Years),86,Italy,Number,2017,16493039.83,18969104.26,14333702.4
DALYs (Disability-Adjusted Life Years),86,Italy,Percent,2017,1,1,1
DALYs (Disability-Adjusted Life Years),86,Italy,Rate,2017,27217.36917,31303.45398,23653.9579
DALYs (Disability-Adjusted Life Years),87,Luxembourg,Number,2017,149522.2971,173570.544,128609.013
DALYs (Disability-Adjusted Life Years),87,Luxembourg,Percent,2017,1,1,1
DALYs (Disability-Adjusted Life Years),87,Luxembourg,Rate,2017,25319.30479,29391.50608,21777.96128
DALYs (Disability-Adjusted Life Years),38,Mongolia,Number,2017,1087758.551,1200748.058,982220.4121
DALYs (Disability-Adjusted Life Years),38,Mongolia,Percent,2017,1,1,1
DALYs (Disability-Adjusted Life Years),38,Mongolia,Rate,2017,33454.81974,36929.8957,30208.91612
DALYs (Disability-Adjusted Life Years),13,Malaysia,Number,2017,7124792.558,7978670.819,6352106.699
DALYs (Disability-Adjusted Life Years),13,Malaysia,Percent,2017,1,1,1
DALYs (Disability-Adjusted Life Years),13,Malaysia,Rate,2017,23253.37014,26040.19475,20731.53527
DALYs (Disability-Adjusted Life Years),168,Angola,Number,2017,13114797.38,14927921.26,11517265.12
DALYs (Disability-Adjusted Life Years),168,Angola,Percent,2017,1,1,1
DALYs (Disability-Adjusted Life Years),168,Angola,Rate,2017,46502.58317,52931.57643,40838.03686
DALYs (Disability-Adjusted Life Years),26,Papua New Guinea,Number,2017,4854050.935,5549054.759,4264252.395
DALYs (Disability-Adjusted Life Years),26,Papua New Guinea,Percent,2017,1,1,1
DALYs (Disability-Adjusted Life Years),26,Papua New Guinea,Rate,2017,52603.89312,60135.72733,46212.18034
DALYs (Disability-Adjusted Life Years),202,Cameroon,Number,2017,12454240.34,14045919.21,11013106.96
DALYs (Disability-Adjusted Life Years),202,Cameroon,Percent,2017,1,1,1
DALYs (Disability-Adjusted Life Years),202,Cameroon,Rate,2017,44848.24532,50579.94814,39658.66316
DALYs (Disability-Adjusted Life Years),136,Paraguay,Number,2017,1616043.704,1863833.038,1399919.755
DALYs (Disability-Adjusted Life Years),136,Paraguay,Percent,2017,1,1,1
DALYs (Disability-Adjusted Life Years),136,Paraguay,Rate,2017,23315.581,26890.57856,20197.43795
DALYs (Disability-Adjusted Life Years),105,Antigua and Barbuda,Number,2017,22840.42244,25898.53396,20189.46088
DALYs (Disability-Adjusted Life Years),105,Antigua and Barbuda,Percent,2017,1,1,1
DALYs (Disability-Adjusted Life Years),105,Antigua and Barbuda,Rate,2017,25675.69926,29113.42691,22695.6628
DALYs (Disability-Adjusted Life Years),44,Bosnia and Herzegovina,Number,2017,1164807.159,1308685.02,1035701.54
DALYs (Disability-Adjusted Life Years),44,Bosnia and Herzegovina,Percent,2017,1,1,1
DALYs (Disability-Adjusted Life Years),44,Bosnia and Herzegovina,Rate,2017,34266.69913,38499.34772,30468.62547
DALYs (Disability-Adjusted Life Years),54,Slovakia,Number,2017,1734672.984,1953947.323,1538290.516
DALYs (Disability-Adjusted Life Years),54,Slovakia,Percent,2017,1,1,1
DALYs (Disability-Adjusted Life Years),54,Slovakia,Rate,2017,32009.70135,36055.94301,28385.88048
DALYs (Disability-Adjusted Life Years),298,American Samoa,Number,2017,15603.90497,17406.30369,13854.42324
DALYs (Disability-Adjusted Life Years),298,American Samoa,Percent,2017,1,1,1
DALYs (Disability-Adjusted Life Years),298,American Samoa,Rate,2017,28049.05327,31288.98441,24904.24392
DALYs (Disability-Adjusted Life Years),170,Congo,Number,2017,2220123.7,2511167.178,1956354.496
DALYs (Disability-Adjusted Life Years),170,Congo,Percent,2017,1,1,1
DALYs (Disability-Adjusted Life Years),170,Congo,Rate,2017,45188.09269,51111.95164,39819.37055
DALYs (Disability-Adjusted Life Years),88,Malta,Number,2017,122199.3761,140115.1944,107212.8706
DALYs (Disability-Adjusted Life Years),88,Malta,Percent,2017,1,1,1
DALYs (Disability-Adjusted Life Years),88,Malta,Rate,2017,28125.92758,32249.50842,24676.5698
DALYs (Disability-Adjusted Life Years),10,Cambodia,Number,2017,5156121.045,5767713.776,4618260.974
DALYs (Disability-Adjusted Life Years),10,Cambodia,Percent,2017,1,1,1
DALYs (Disability-Adjusted Life Years),10,Cambodia,Rate,2017,31981.13451,35774.57327,28645.02679
DALYs (Disability-Adjusted Life Years),23,Kiribati,Number,2017,53660.32993,60332.04567,47708.70728
DALYs (Disability-Adjusted Life Years),23,Kiribati,Percent,2017,1,1,1
DALYs (Disability-Adjusted Life Years),23,Kiribati,Rate,2017,45382.33878,51024.8323,40348.85211
DALYs (Disability-Adjusted Life Years),203,Cape Verde,Number,2017,141199.2206,159225.7985,124089.1162
DALYs (Disability-Adjusted Life Years),203,Cape Verde,Percent,2017,1,1,1
DALYs (Disability-Adjusted Life Years),203,Cape Verde,Rate,2017,25869.86083,29172.60614,22735.02753
DALYs (Disability-Adjusted Life Years),72,New Zealand,Number,2017,1162704.453,1347446.155,1005909.975
DALYs (Disability-Adjusted Life Years),72,New Zealand,Percent,2017,1,1,1
DALYs (Disability-Adjusted Life Years),72,New Zealand,Rate,2017,26137.73419,30290.7496,22612.97572
DALYs (Disability-Adjusted Life Years),152,Saudi Arabia,Number,2017,6939822.237,8009517.011,5894883.164
DALYs (Disability-Adjusted Life Years),152,Saudi Arabia,Percent,2017,1,1,1
DALYs (Disability-Adjusted Life Years),152,Saudi Arabia,Rate,2017,20148.09959,23253.7003,17114.37109
DALYs (Disability-Adjusted Life Years),7,North Korea,Number,2017,8652548.795,9687495.349,7614729.935
DALYs (Disability-Adjusted Life Years),7,North Korea,Percent,2017,1,1,1
DALYs (Disability-Adjusted Life Years),7,North Korea,Rate,2017,33645.71543,37670.13853,29610.12327
DALYs (Disability-Adjusted Life Years),190,Uganda,Number,2017,16628899.09,18551784.9,14934714.78
DALYs (Disability-Adjusted Life Years),190,Uganda,Percent,2017,1,1,1
DALYs (Disability-Adjusted Life Years),190,Uganda,Rate,2017,42552.68118,47473.26831,38217.33195
DALYs (Disability-Adjusted Life Years),153,Syria,Number,2017,6453503.719,7065434.001,5891789.184
DALYs (Disability-Adjusted Life Years),153,Syria,Percent,2017,1,1,1
DALYs (Disability-Adjusted Life Years),153,Syria,Rate,2017,35593.37482,38968.38859,32495.31881
DALYs (Disability-Adjusted Life Years),218,Togo,Number,2017,3264432.491,3707664.46,2870396.534
DALYs (Disability-Adjusted Life Years),218,Togo,Percent,2017,1,1,1
DALYs (Disability-Adjusted Life Years),218,Togo,Rate,2017,43432.93442,49330.08962,38190.32704
DALYs (Disability-Adjusted Life Years),435,South Sudan,Number,2017,7064922.05,8298790.017,6021438.914
DALYs (Disability-Adjusted Life Years),435,South Sudan,Percent,2017,1,1,1
DALYs (Disability-Adjusted Life Years),435,South Sudan,Rate,2017,71068.45649,83480.35449,60571.70431
DALYs (Disability-Adjusted Life Years),111,Dominican Republic,Number,2017,3108125.418,3493905.862,2760335.826
DALYs (Disability-Adjusted Life Years),111,Dominican Republic,Percent,2017,1,1,1
DALYs (Disability-Adjusted Life Years),111,Dominican Republic,Rate,2017,29737.84784,33428.90873,26410.27492
DALYs (Disability-Adjusted Life Years),55,Slovenia,Number,2017,622871.6084,714103.9223,545278.8616
DALYs (Disability-Adjusted Life Years),55,Slovenia,Percent,2017,1,1,1
DALYs (Disability-Adjusted Life Years),55,Slovenia,Rate,2017,30107.05072,34516.84539,26356.53659
DALYs (Disability-Adjusted Life Years),185,Rwanda,Number,2017,4434803.67,5017525.591,3929500.207
DALYs (Disability-Adjusted Life Years),185,Rwanda,Percent,2017,1,1,1
DALYs (Disability-Adjusted Life Years),185,Rwanda,Rate,2017,35325.33658,39966.99595,31300.35234
DALYs (Disability-Adjusted Life Years),57,Belarus,Number,2017,3701763.839,4086616.814,3338560.737
DALYs (Disability-Adjusted Life Years),57,Belarus,Percent,2017,1,1,1
DALYs (Disability-Adjusted Life Years),57,Belarus,Rate,2017,39002.7224,43057.63093,35175.92242
DALYs (Disability-Adjusted Life Years),169,Central African Republic,Number,2017,4146015.921,4840228.992,3600276.642
DALYs (Disability-Adjusted Life Years),169,Central African Republic,Percent,2017,1,1,1
DALYs (Disability-Adjusted Life Years),169,Central African Republic,Rate,2017,89691.77934,104709.861,77885.66765
DALYs (Disability-Adjusted Life Years),171,Democratic Republic of the Congo,Number,2017,44299931.03,50132337.28,39192400.12
DALYs (Disability-Adjusted Life Years),171,Democratic Republic of the Congo,Percent,2017,1,1,1
DALYs (Disability-Adjusted Life Years),171,Democratic Republic of the Congo,Rate,2017,54769.25438,61980.02275,48454.66984
DALYs (Disability-Adjusted Life Years),106,The Bahamas,Number,2017,110115.2954,122747.8135,98540.27947
DALYs (Disability-Adjusted Life Years),106,The Bahamas,Percent,2017,1,1,1
DALYs (Disability-Adjusted Life Years),106,The Bahamas,Rate,2017,29329.62407,32694.34289,26246.57493
DALYs (Disability-Adjusted Life Years),74,Andorra,Number,2017,19404.22113,22502.83387,16595.01927
DALYs (Disability-Adjusted Life Years),74,Andorra,Percent,2017,1,1,1
DALYs (Disability-Adjusted Life Years),74,Andorra,Rate,2017,24265.58881,28140.50149,20752.59354
DALYs (Disability-Adjusted Life Years),139,Algeria,Number,2017,9288019.242,10578385.98,8126936.545
DALYs (Disability-Adjusted Life Years),139,Algeria,Percent,2017,1,1,1
DALYs (Disability-Adjusted Life Years),139,Algeria,Rate,2017,22953.95545,26142.90456,20084.51259
DALYs (Disability-Adjusted Life Years),40,Turkmenistan,Number,2017,1556887.302,1722218.149,1394089.772
DALYs (Disability-Adjusted Life Years),40,Turkmenistan,Percent,2017,1,1,1
DALYs (Disability-Adjusted Life Years),40,Turkmenistan,Rate,2017,31282.37603,34604.3517,28011.30204
DALYs (Disability-Adjusted Life Years),122,Ecuador,Number,2017,4035789.683,4574452.35,3577026.506
DALYs (Disability-Adjusted Life Years),122,Ecuador,Percent,2017,1,1,1
DALYs (Disability-Adjusted Life Years),122,Ecuador,Rate,2017,24186.40717,27414.6018,21437.04859
DALYs (Disability-Adjusted Life Years),121,Bolivia,Number,2017,3241351.802,3695184.735,2813548.885
DALYs (Disability-Adjusted Life Years),121,Bolivia,Percent,2017,1,1,1
DALYs (Disability-Adjusted Life Years),121,Bolivia,Rate,2017,28080.68342,32012.35752,24374.5142
DALYs (Disability-Adjusted Life Years),154,Tunisia,Number,2017,2737524.195,3181907.375,2327855.097
DALYs (Disability-Adjusted Life Years),154,Tunisia,Percent,2017,1,1,1
DALYs (Disability-Adjusted Life Years),154,Tunisia,Rate,2017,23924.84142,27808.5686,20344.50112
DALYs (Disability-Adjusted Life Years),123,Peru,Number,2017,7014830.717,8052026.203,6038312.679
DALYs (Disability-Adjusted Life Years),123,Peru,Percent,2017,1,1,1
DALYs (Disability-Adjusted Life Years),123,Peru,Rate,2017,21116.53438,24238.77282,18176.95144
DALYs (Disability-Adjusted Life Years),8,Taiwan (Province of China),Number,2017,6186110.759,6957784.745,5492682.278
DALYs (Disability-Adjusted Life Years),8,Taiwan (Province of China),Percent,2017,1,1,1
DALYs (Disability-Adjusted Life Years),8,Taiwan (Province of China),Rate,2017,26231.08927,29503.23392,23290.7306
DALYs (Disability-Adjusted Life Years),194,Lesotho,Number,2017,1310738.336,1455356.839,1170384.95
DALYs (Disability-Adjusted Life Years),194,Lesotho,Percent,2017,1,1,1
DALYs (Disability-Adjusted Life Years),194,Lesotho,Rate,2017,67300.93333,74726.48877,60094.37378
DALYs (Disability-Adjusted Life Years),24,Marshall Islands,Number,2017,21288.93176,23650.4824,18920.93638
DALYs (Disability-Adjusted Life Years),24,Marshall Islands,Percent,2017,1,1,1
DALYs (Disability-Adjusted Life Years),24,Marshall Islands,Rate,2017,37806.22769,42000.01826,33600.99214
DALYs (Disability-Adjusted Life Years),48,Hungary,Number,2017,3604452.566,4014178.867,3230551.39
DALYs (Disability-Adjusted Life Years),48,Hungary,Percent,2017,1,1,1
DALYs (Disability-Adjusted Life Years),48,Hungary,Rate,2017,37054.77151,41266.87146,33210.96378
DALYs (Disability-Adjusted Life Years),204,Chad,Number,2017,10881723.74,12386542.19,9579651.036
DALYs (Disability-Adjusted Life Years),204,Chad,Percent,2017,1,1,1
DALYs (Disability-Adjusted Life Years),204,Chad,Rate,2017,71486.41816,81372.17556,62932.57908
DALYs (Disability-Adjusted Life Years),25,Federated States of Micronesia,Number,2017,36167.63571,41008.57887,32093.5462
DALYs (Disability-Adjusted Life Years),25,Federated States of Micronesia,Percent,2017,1,1,1
DALYs (Disability-Adjusted Life Years),25,Federated States of Micronesia,Rate,2017,34801.23081,39459.28426,30881.05946
DALYs (Disability-Adjusted Life Years),89,Netherlands,Number,2017,4591390.754,5255273.88,3981600.323
DALYs (Disability-Adjusted Life Years),89,Netherlands,Percent,2017,1,1,1
DALYs (Disability-Adjusted Life Years),89,Netherlands,Rate,2017,26962.03213,30860.55419,23381.15869
DALYs (Disability-Adjusted Life Years),41,Uzbekistan,Number,2017,9431111.412,10546971.1,8353665.239
DALYs (Disability-Adjusted Life Years),41,Uzbekistan,Percent,2017,1,1,1
DALYs (Disability-Adjusted Life Years),41,Uzbekistan,Rate,2017,29255.6444,32717.08101,25913.3679
DALYs (Disability-Adjusted Life Years),11,Indonesia,Number,2017,74647663.27,82775511.52,67764725.53
DALYs (Disability-Adjusted Life Years),11,Indonesia,Percent,2017,1,1,1
DALYs (Disability-Adjusted Life Years),11,Indonesia,Rate,2017,28918.10788,32066.79307,26251.69439
DALYs (Disability-Adjusted Life Years),75,Austria,Number,2017,2396286.582,2744456.916,2080213.92
DALYs (Disability-Adjusted Life Years),75,Austria,Percent,2017,1,1,1
DALYs (Disability-Adjusted Life Years),75,Austria,Rate,2017,27251.81848,31211.39278,23657.27563
DALYs (Disability-Adjusted Life Years),140,Bahrain,Number,2017,272661.8897,322587.0212,227302.1886
DALYs (Disability-Adjusted Life Years),140,Bahrain,Percent,2017,1,1,1
DALYs (Disability-Adjusted Life Years),140,Bahrain,Rate,2017,18543.72625,21939.13281,15458.81445
DALYs (Disability-Adjusted Life Years),109,Cuba,Number,2017,3170962.398,3565831.477,2809679.227
DALYs (Disability-Adjusted Life Years),109,Cuba,Percent,2017,1,1,1
DALYs (Disability-Adjusted Life Years),109,Cuba,Rate,2017,27872.50307,31343.37035,24696.85321
DALYs (Disability-Adjusted Life Years),189,Tanzania,Number,2017,22689184.68,26046896.71,20028868.24
DALYs (Disability-Adjusted Life Years),189,Tanzania,Percent,2017,1,1,1
DALYs (Disability-Adjusted Life Years),189,Tanzania,Rate,2017,42037.92188,48259.00202,37108.95787
DALYs (Disability-Adjusted Life Years),206,The Gambia,Number,2017,835569.1703,957864.1763,737487.8093
DALYs (Disability-Adjusted Life Years),206,The Gambia,Percent,2017,1,1,1
DALYs (Disability-Adjusted Life Years),206,The Gambia,Rate,2017,39182.43523,44917.22814,34583.09539
DALYs (Disability-Adjusted Life Years),27,Samoa,Number,2017,50053.21316,56710.82046,44400.47726
DALYs (Disability-Adjusted Life Years),27,Samoa,Percent,2017,1,1,1
DALYs (Disability-Adjusted Life Years),27,Samoa,Rate,2017,25162.68862,28509.59263,22320.95231
DALYs (Disability-Adjusted Life Years),155,Turkey,Number,2017,18906019.16,21596360.35,16493269.57
DALYs (Disability-Adjusted Life Years),155,Turkey,Percent,2017,1,1,1
DALYs (Disability-Adjusted Life Years),155,Turkey,Rate,2017,23498.33351,26842.16459,20499.52165
DALYs (Disability-Adjusted Life Years),186,Seychelles,Number,2017,29446.23391,32429.86761,26707.90571
DALYs (Disability-Adjusted Life Years),186,Seychelles,Percent,2017,1,1,1
DALYs (Disability-Adjusted Life Years),186,Seychelles,Rate,2017,29181.5149,32138.326,26467.80402
DALYs (Disability-Adjusted Life Years),90,Norway,Number,2017,1322067.661,1528771.106,1142128.422
DALYs (Disability-Adjusted Life Years),90,Norway,Percent,2017,1,1,1
DALYs (Disability-Adjusted Life Years),90,Norway,Rate,2017,25119.19033,29046.54089,21700.35774
DALYs (Disability-Adjusted Life Years),207,Ghana,Number,2017,12014159.17,13389626.28,10804463.19
DALYs (Disability-Adjusted Life Years),207,Ghana,Percent,2017,1,1,1
DALYs (Disability-Adjusted Life Years),207,Ghana,Rate,2017,39775.01453,44328.74347,35770.10046
DALYs (Disability-Adjusted Life Years),14,Maldives,Number,2017,70323.65102,82642.6283,59694.43795
DALYs (Disability-Adjusted Life Years),14,Maldives,Percent,2017,1,1,1
DALYs (Disability-Adjusted Life Years),14,Maldives,Rate,2017,15334.39094,18020.59979,13016.64284
DALYs (Disability-Adjusted Life Years),61,Moldova,Number,2017,1447476.909,1591926.754,1320692.663
DALYs (Disability-Adjusted Life Years),61,Moldova,Percent,2017,1,1,1
DALYs (Disability-Adjusted Life Years),61,Moldova,Rate,2017,38891.63684,42772.79783,35485.12527
DALYs (Disability-Adjusted Life Years),175,Burundi,Number,2017,5539973.446,6324123.6,4864140.823
DALYs (Disability-Adjusted Life Years),175,Burundi,Percent,2017,1,1,1
DALYs (Disability-Adjusted Life Years),175,Burundi,Rate,2017,50800.21506,57990.68211,44602.99355
DALYs (Disability-Adjusted Life Years),205,Cote d'Ivoire,Number,2017,12579140.1,14075341.52,11218415.58
DALYs (Disability-Adjusted Life Years),205,Cote d'Ivoire,Percent,2017,1,1,1
DALYs (Disability-Adjusted Life Years),205,Cote d'Ivoire,Rate,2017,50386.53885,56379.66798,44936.071
DALYs (Disability-Adjusted Life Years),110,Dominica,Number,2017,23358.95151,25746.73234,21094.12715
DALYs (Disability-Adjusted Life Years),110,Dominica,Percent,2017,1,1,1
DALYs (Disability-Adjusted Life Years),110,Dominica,Rate,2017,33886.40088,37350.31057,30600.86188
DALYs (Disability-Adjusted Life Years),43,Albania,Number,2017,769540.2698,884637.8178,653147.654
DALYs (Disability-Adjusted Life Years),43,Albania,Percent,2017,1,1,1
DALYs (Disability-Adjusted Life Years),43,Albania,Rate,2017,27819.78765,31980.69965,23612.05742
DALYs (Disability-Adjusted Life Years),78,Denmark,Number,2017,1611424.832,1841961.025,1408021.191
DALYs (Disability-Adjusted Life Years),78,Denmark,Percent,2017,1,1,1
DALYs (Disability-Adjusted Life Years),78,Denmark,Rate,2017,28111.42079,32133.14107,24563.02981
DALYs (Disability-Adjusted Life Years),58,Estonia,Number,2017,449491.0237,508918.0387,391569.717
DALYs (Disability-Adjusted Life Years),58,Estonia,Percent,2017,1,1,1
DALYs (Disability-Adjusted Life Years),58,Estonia,Rate,2017,34193.70183,38714.43645,29787.50952
DALYs (Disability-Adjusted Life Years),172,Equatorial Guinea,Number,2017,503446.6521,628740.5311,408889.0779
DALYs (Disability-Adjusted Life Years),172,Equatorial Guinea,Percent,2017,1,1,1
DALYs (Disability-Adjusted Life Years),172,Equatorial Guinea,Rate,2017,37430.11743,46745.43334,30399.97612
DALYs (Disability-Adjusted Life Years),92,Spain,Number,2017,11701352.66,13433483.82,10191154.35
DALYs (Disability-Adjusted Life Years),92,Spain,Percent,2017,1,1,1
DALYs (Disability-Adjusted Life Years),92,Spain,Rate,2017,25224.29673,28958.20612,21968.80215
DALYs (Disability-Adjusted Life Years),59,Latvia,Number,2017,796598.4458,885660.777,706606.113
DALYs (Disability-Adjusted Life Years),59,Latvia,Percent,2017,1,1,1
DALYs (Disability-Adjusted Life Years),59,Latvia,Rate,2017,40947.22134,45525.25561,36321.38257
DALYs (Disability-Adjusted Life Years),141,Egypt,Number,2017,27099340.99,30465027.77,24119164.69
DALYs (Disability-Adjusted Life Years),141,Egypt,Percent,2017,1,1,1
DALYs (Disability-Adjusted Life Years),141,Egypt,Rate,2017,28086.8729,31575.20927,24998.09546
DALYs (Disability-Adjusted Life Years),91,Portugal,Number,2017,3149868.803,3597807.635,2746604.471
DALYs (Disability-Adjusted Life Years),91,Portugal,Percent,2017,1,1,1
DALYs (Disability-Adjusted Life Years),91,Portugal,Rate,2017,29488.42787,33681.93966,25713.14964
DALYs (Disability-Adjusted Life Years),187,Somalia,Number,2017,9844816.886,12252129.42,8045644.756
DALYs (Disability-Adjusted Life Years),187,Somalia,Percent,2017,1,1,1
DALYs (Disability-Adjusted Life Years),187,Somalia,Rate,2017,58321.03981,72582.04352,47662.68113
DALYs (Disability-Adjusted Life Years),305,Bermuda,Number,2017,16808.90504,19188.74255,14687.81111
DALYs (Disability-Adjusted Life Years),305,Bermuda,Percent,2017,1,1,1
DALYs (Disability-Adjusted Life Years),305,Bermuda,Rate,2017,25512.07526,29124.12456,22292.73956
DALYs (Disability-Adjusted Life Years),157,Yemen,Number,2017,11871200.83,14172374.45,10030060.37
DALYs (Disability-Adjusted Life Years),157,Yemen,Percent,2017,1,1,1
DALYs (Disability-Adjusted Life Years),157,Yemen,Rate,2017,38986.95763,46544.3867,32940.35239
DALYs (Disability-Adjusted Life Years),62,Russian Federation,Number,2017,61229883.06,67051693.73,56133017.82
DALYs (Disability-Adjusted Life Years),62,Russian Federation,Percent,2017,1,1,1
DALYs (Disability-Adjusted Life Years),62,Russian Federation,Rate,2017,41883.80779,45866.17043,38397.33822
DALYs (Disability-Adjusted Life Years),176,Comoros,Number,2017,236242.1798,270615.7339,207563.6657
DALYs (Disability-Adjusted Life Years),176,Comoros,Percent,2017,1,1,1
DALYs (Disability-Adjusted Life Years),176,Comoros,Rate,2017,32888.07382,37673.33268,28895.64076
DALYs (Disability-Adjusted Life Years),128,Guatemala,Number,2017,4878001.628,5477466.505,4327305.434
DALYs (Disability-Adjusted Life Years),128,Guatemala,Percent,2017,1,1,1
DALYs (Disability-Adjusted Life Years),128,Guatemala,Rate,2017,28822.6286,32364.68431,25568.73222
DALYs (Disability-Adjusted Life Years),76,Belgium,Number,2017,3193581.962,3667426.008,2782020.682
DALYs (Disability-Adjusted Life Years),76,Belgium,Percent,2017,1,1,1
DALYs (Disability-Adjusted Life Years),76,Belgium,Rate,2017,28213.32319,32399.44252,24577.43359
DALYs (Disability-Adjusted Life Years),60,Lithuania,Number,2017,1171792.679,1297732.66,1055967.498
DALYs (Disability-Adjusted Life Years),60,Lithuania,Percent,2017,1,1,1
DALYs (Disability-Adjusted Life Years),60,Lithuania,Rate,2017,41149.50189,45572.09949,37082.10276
DALYs (Disability-Adjusted Life Years),108,Belize,Number,2017,102332.9747,113794.2379,92170.71382
DALYs (Disability-Adjusted Life Years),108,Belize,Percent,2017,1,1,1
DALYs (Disability-Adjusted Life Years),108,Belize,Rate,2017,25909.80856,28811.69953,23336.81354
DALYs (Disability-Adjusted Life Years),79,Finland,Number,2017,1605238.002,1834207.542,1406267.807
DALYs (Disability-Adjusted Life Years),79,Finland,Percent,2017,1,1,1
DALYs (Disability-Adjusted Life Years),79,Finland,Rate,2017,29091.0555,33240.5745,25485.20206
DALYs (Disability-Adjusted Life Years),156,United Arab Emirates,Number,2017,2235431.47,2616722.726,1872314.356
DALYs (Disability-Adjusted Life Years),156,United Arab Emirates,Percent,2017,1,1,1
DALYs (Disability-Adjusted Life Years),156,United Arab Emirates,Rate,2017,22964.95227,26882.01956,19234.5909
DALYs (Disability-Adjusted Life Years),77,Cyprus,Number,2017,290669.1337,336762.628,249834.3746
DALYs (Disability-Adjusted Life Years),77,Cyprus,Percent,2017,1,1,1
DALYs (Disability-Adjusted Life Years),77,Cyprus,Rate,2017,23020.88808,26671.47581,19786.79023
DALYs (Disability-Adjusted Life Years),113,Guyana,Number,2017,258416.1271,288238.0909,232018.5295
DALYs (Disability-Adjusted Life Years),113,Guyana,Percent,2017,1,1,1
DALYs (Disability-Adjusted Life Years),113,Guyana,Rate,2017,34812.78684,38830.28249,31256.60809
DALYs (Disability-Adjusted Life Years),127,El Salvador,Number,2017,1721157.175,1958259.456,1509503.597
DALYs (Disability-Adjusted Life Years),127,El Salvador,Percent,2017,1,1,1
DALYs (Disability-Adjusted Life Years),127,El Salvador,Rate,2017,28276.1983,32171.45622,24799.02687
DALYs (Disability-Adjusted Life Years),80,France,Number,2017,16675425.43,19111108.48,14570507.79
DALYs (Disability-Adjusted Life Years),80,France,Percent,2017,1,1,1
DALYs (Disability-Adjusted Life Years),80,France,Rate,2017,25376.29864,29082.86797,22173.0809
DALYs (Disability-Adjusted Life Years),173,Gabon,Number,2017,625607.6475,701702.0795,553376.476
DALYs (Disability-Adjusted Life Years),173,Gabon,Percent,2017,1,1,1
DALYs (Disability-Adjusted Life Years),173,Gabon,Rate,2017,36741.66733,41210.66051,32499.56178
DALYs (Disability-Adjusted Life Years),12,Laos,Number,2017,2568151.202,2904684.003,2283468.994
DALYs (Disability-Adjusted Life Years),12,Laos,Percent,2017,1,1,1
DALYs (Disability-Adjusted Life Years),12,Laos,Rate,2017,36844.85257,41673.03458,32760.56268
DALYs (Disability-Adjusted Life Years),15,Myanmar,Number,2017,18778560.72,20917772,16729513.69
DALYs (Disability-Adjusted Life Years),15,Myanmar,Percent,2017,1,1,1
DALYs (Disability-Adjusted Life Years),15,Myanmar,Rate,2017,35568.8218,39620.74176,31687.68364
DALYs (Disability-Adjusted Life Years),93,Sweden,Number,2017,2615621.113,3007725.863,2257670.956
DALYs (Disability-Adjusted Life Years),93,Sweden,Percent,2017,1,1,1
DALYs (Disability-Adjusted Life Years),93,Sweden,Rate,2017,26039.04459,29942.52779,22475.57737
DALYs (Disability-Adjusted Life Years),125,Colombia,Number,2017,10977806.99,12422951.02,9601529.647
DALYs (Disability-Adjusted Life Years),125,Colombia,Percent,2017,1,1,1
DALYs (Disability-Adjusted Life Years),125,Colombia,Rate,2017,21692.63114,24548.29954,18973.04637
DALYs (Disability-Adjusted Life Years),208,Guinea,Number,2017,6868475.784,7765282.631,6094853.487
DALYs (Disability-Adjusted Life Years),208,Guinea,Percent,2017,1,1,1
DALYs (Disability-Adjusted Life Years),208,Guinea,Rate,2017,58108.99663,65696.20341,51563.96148
DALYs (Disability-Adjusted Life Years),45,Bulgaria,Number,2017,2938969.872,3239558.216,2663264.533
DALYs (Disability-Adjusted Life Years),45,Bulgaria,Percent,2017,1,1,1
DALYs (Disability-Adjusted Life Years),45,Bulgaria,Rate,2017,41673.68764,45935.93779,37764.27085
DALYs (Disability-Adjusted Life Years),114,Haiti,Number,2017,5160856.285,5854055.785,4561066.542
DALYs (Disability-Adjusted Life Years),114,Haiti,Percent,2017,1,1,1
DALYs (Disability-Adjusted Life Years),114,Haiti,Rate,2017,43644.21294,49506.44683,38571.92458
DALYs (Disability-Adjusted Life Years),144,Jordan,Number,2017,2063616.599,2406320.873,1756801.153
DALYs (Disability-Adjusted Life Years),144,Jordan,Percent,2017,1,1,1
DALYs (Disability-Adjusted Life Years),144,Jordan,Rate,2017,19379.47825,22597.82318,16498.16625
DALYs (Disability-Adjusted Life Years),142,Iran,Number,2017,20376960.54,23139042.04,17898885.12
DALYs (Disability-Adjusted Life Years),142,Iran,Percent,2017,1,1,1
DALYs (Disability-Adjusted Life Years),142,Iran,Rate,2017,24796.69611,28157.8694,21781.12943
DALYs (Disability-Adjusted Life Years),193,Botswana,Number,2017,779158.0593,890762.822,690845.7181
DALYs (Disability-Adjusted Life Years),193,Botswana,Percent,2017,1,1,1
DALYs (Disability-Adjusted Life Years),193,Botswana,Rate,2017,34145.99787,39036.99007,30275.77799
DALYs (Disability-Adjusted Life Years),179,Ethiopia,Number,2017,37827922.33,41082476.61,34540710.5
DALYs (Disability-Adjusted Life Years),179,Ethiopia,Percent,2017,1,1,1
DALYs (Disability-Adjusted Life Years),179,Ethiopia,Rate,2017,36767.56835,39930.89427,33572.50031
DALYs (Disability-Adjusted Life Years),47,Czech Republic,Number,2017,3402783.702,3881685.67,3001467.335
DALYs (Disability-Adjusted Life Years),47,Czech Republic,Percent,2017,1,1,1
DALYs (Disability-Adjusted Life Years),47,Czech Republic,Rate,2017,32123.76046,36644.80365,28335.15913
DALYs (Disability-Adjusted Life Years),212,Mauritania,Number,2017,1231890.308,1415767.677,1083279.739
DALYs (Disability-Adjusted Life Years),212,Mauritania,Percent,2017,1,1,1
DALYs (Disability-Adjusted Life Years),212,Mauritania,Rate,2017,31474.57843,36172.6125,27677.60478
DALYs (Disability-Adjusted Life Years),30,Vanuatu,Number,2017,111553.5688,135753.998,92301.85667
DALYs (Disability-Adjusted Life Years),30,Vanuatu,Percent,2017,1,1,1
DALYs (Disability-Adjusted Life Years),30,Vanuatu,Rate,2017,38792.10423,47207.66263,32097.43339
DALYs (Disability-Adjusted Life Years),351,Guam,Number,2017,52444.45855,58077.45699,47301.40696
DALYs (Disability-Adjusted Life Years),351,Guam,Percent,2017,1,1,1
DALYs (Disability-Adjusted Life Years),351,Guam,Rate,2017,31247.30386,34603.54051,28182.98591
DALYs (Disability-Adjusted Life Years),28,Solomon Islands,Number,2017,225438.44,252073.4414,199944.7104
DALYs (Disability-Adjusted Life Years),28,Solomon Islands,Percent,2017,1,1,1
DALYs (Disability-Adjusted Life Years),28,Solomon Islands,Rate,2017,35356.97345,39534.31356,31358.6264
DALYs (Disability-Adjusted Life Years),191,Zambia,Number,2017,7919619.701,9048464.985,6947614.691
DALYs (Disability-Adjusted Life Years),191,Zambia,Percent,2017,1,1,1
DALYs (Disability-Adjusted Life Years),191,Zambia,Rate,2017,45609.18903,52110.22316,40011.40001
DALYs (Disability-Adjusted Life Years),126,Costa Rica,Number,2017,997373.554,1136903.911,883042.2408
DALYs (Disability-Adjusted Life Years),126,Costa Rica,Percent,2017,1,1,1
DALYs (Disability-Adjusted Life Years),126,Costa Rica,Rate,2017,21431.68481,24429.93018,18974.91958
DALYs (Disability-Adjusted Life Years),143,Iraq,Number,2017,11735933,13183414.93,10497495.93
DALYs (Disability-Adjusted Life Years),143,Iraq,Percent,2017,1,1,1
DALYs (Disability-Adjusted Life Years),143,Iraq,Rate,2017,27100.99142,30443.56293,24241.15298
DALYs (Disability-Adjusted Life Years),145,Kuwait,Number,2017,719010.6428,856697.9077,599184.8161
DALYs (Disability-Adjusted Life Years),145,Kuwait,Percent,2017,1,1,1
DALYs (Disability-Adjusted Life Years),145,Kuwait,Rate,2017,16869.47199,20099.89908,14058.11106
DALYs (Disability-Adjusted Life Years),95,United Kingdom,Number,2017,18434409.06,21066451.65,16175108.56
DALYs (Disability-Adjusted Life Years),95,United Kingdom,Percent,2017,1,1,1
DALYs (Disability-Adjusted Life Years),95,United Kingdom,Rate,2017,27664.54033,31614.44989,24274.00531
DALYs (Disability-Adjusted Life Years),129,Honduras,Number,2017,2287650.822,2617607.277,2013546.395
DALYs (Disability-Adjusted Life Years),129,Honduras,Percent,2017,1,1,1
DALYs (Disability-Adjusted Life Years),129,Honduras,Rate,2017,24083.53999,27557.19925,21197.87018
DALYs (Disability-Adjusted Life Years),209,Guinea-Bissau,Number,2017,1023363.232,1162895.787,903332.8801
DALYs (Disability-Adjusted Life Years),209,Guinea-Bissau,Percent,2017,1,1,1
DALYs (Disability-Adjusted Life Years),209,Guinea-Bissau,Rate,2017,55151.76009,62671.53973,48683.0059
DALYs (Disability-Adjusted Life Years),161,Bangladesh,Number,2017,45956806.97,51428771.65,40978610.72
DALYs (Disability-Adjusted Life Years),161,Bangladesh,Percent,2017,1,1,1
DALYs (Disability-Adjusted Life Years),161,Bangladesh,Rate,2017,29275.39407,32761.14369,26104.18469
DALYs (Disability-Adjusted Life Years),63,Ukraine,Number,2017,21194675.5,23095202.14,19440879.64
DALYs (Disability-Adjusted Life Years),63,Ukraine,Percent,2017,1,1,1
DALYs (Disability-Adjusted Life Years),63,Ukraine,Rate,2017,47426.96357,51679.7396,43502.52451
DALYs (Disability-Adjusted Life Years),97,Argentina,Number,2017,11856979.41,13425900.6,10441391.65
DALYs (Disability-Adjusted Life Years),97,Argentina,Percent,2017,1,1,1
DALYs (Disability-Adjusted Life Years),97,Argentina,Rate,2017,26785.80339,30330.11372,23587.88476
DALYs (Disability-Adjusted Life Years),211,Mali,Number,2017,13994422.26,16260337.1,12135291.55
DALYs (Disability-Adjusted Life Years),211,Mali,Percent,2017,1,1,1
DALYs (Disability-Adjusted Life Years),211,Mali,Rate,2017,69095.54113,80283.18495,59916.33817
DALYs (Disability-Adjusted Life Years),210,Liberia,Number,2017,2162102.51,2484272.352,1869110.543
DALYs (Disability-Adjusted Life Years),210,Liberia,Percent,2017,1,1,1
DALYs (Disability-Adjusted Life Years),210,Liberia,Rate,2017,45781.66718,52603.48642,39577.67793
DALYs (Disability-Adjusted Life Years),16,Philippines,Number,2017,32543799.84,36279802.94,29256038.84
DALYs (Disability-Adjusted Life Years),16,Philippines,Percent,2017,1,1,1
DALYs (Disability-Adjusted Life Years),16,Philippines,Rate,2017,31452.21327,35062.90307,28274.7306
DALYs (Disability-Adjusted Life Years),29,Tonga,Number,2017,29269.37263,32958.48104,25948.23934
DALYs (Disability-Adjusted Life Years),29,Tonga,Percent,2017,1,1,1
DALYs (Disability-Adjusted Life Years),29,Tonga,Rate,2017,28461.61866,32048.91786,25232.1395
DALYs (Disability-Adjusted Life Years),162,Bhutan,Number,2017,232225.2151,268384.2731,201042.2308
DALYs (Disability-Adjusted Life Years),162,Bhutan,Percent,2017,1,1,1
DALYs (Disability-Adjusted Life Years),162,Bhutan,Rate,2017,24255.55975,28032.3167,20998.54592
DALYs (Disability-Adjusted Life Years),94,Switzerland,Number,2017,2067717.067,2406028.423,1763990.041
DALYs (Disability-Adjusted Life Years),94,Switzerland,Percent,2017,1,1,1
DALYs (Disability-Adjusted Life Years),94,Switzerland,Rate,2017,24062.56343,27999.58102,20528.01273
DALYs (Disability-Adjusted Life Years),160,Afghanistan,Number,2017,16307229.98,18288654.84,14399691.56
DALYs (Disability-Adjusted Life Years),160,Afghanistan,Percent,2017,1,1,1
DALYs (Disability-Adjusted Life Years),160,Afghanistan,Rate,2017,49634.28956,55665.14922,43828.31796
DALYs (Disability-Adjusted Life Years),46,Croatia,Number,2017,1440946.199,1619811.237,1286950.273
DALYs (Disability-Adjusted Life Years),46,Croatia,Percent,2017,1,1,1
DALYs (Disability-Adjusted Life Years),46,Croatia,Rate,2017,33702.43499,37885.92728,30100.60885
DALYs (Disability-Adjusted Life Years),49,Macedonia,Number,2017,670481.484,753688.7781,595912.8595
DALYs (Disability-Adjusted Life Years),49,Macedonia,Percent,2017,1,1,1
DALYs (Disability-Adjusted Life Years),49,Macedonia,Rate,2017,30829.16854,34655.09327,27400.45537
DALYs (Disability-Adjusted Life Years),112,Grenada,Number,2017,35115.90113,39005.05446,31802.37491
DALYs (Disability-Adjusted Life Years),112,Grenada,Percent,2017,1,1,1
DALYs (Disability-Adjusted Life Years),112,Grenada,Rate,2017,31670.57735,35178.15447,28682.15088
DALYs (Disability-Adjusted Life Years),349,Greenland,Number,2017,18581.33773,20606.74497,16796.55545
DALYs (Disability-Adjusted Life Years),349,Greenland,Percent,2017,1,1,1
DALYs (Disability-Adjusted Life Years),349,Greenland,Rate,2017,33089.18095,36695.97544,29910.88535
DALYs (Disability-Adjusted Life Years),177,Djibouti,Number,2017,374346.335,474889.72,301919.33
DALYs (Disability-Adjusted Life Years),177,Djibouti,Percent,2017,1,1,1
DALYs (Disability-Adjusted Life Years),177,Djibouti,Rate,2017,33630.95667,42663.68894,27124.17608
DALYs (Disability-Adjusted Life Years),195,Namibia,Number,2017,928041.8484,1049768.427,822593.0995
DALYs (Disability-Adjusted Life Years),195,Namibia,Percent,2017,1,1,1
DALYs (Disability-Adjusted Life Years),195,Namibia,Rate,2017,39432.37021,44604.51574,34951.8674
DALYs (Disability-Adjusted Life Years),196,South Africa,Number,2017,24022706.63,26071540.56,22314417.42
DALYs (Disability-Adjusted Life Years),196,South Africa,Percent,2017,1,1,1
DALYs (Disability-Adjusted Life Years),196,South Africa,Rate,2017,43715.1165,47443.46465,40606.4717
DALYs (Disability-Adjusted Life Years),81,Germany,Number,2017,25683274.85,29380024.11,22530574.09
DALYs (Disability-Adjusted Life Years),81,Germany,Percent,2017,1,1,1
DALYs (Disability-Adjusted Life Years),81,Germany,Rate,2017,30834.2898,35272.45583,27049.28615
DALYs (Disability-Adjusted Life Years),146,Lebanon,Number,2017,1797720.182,2068828.459,1551715.628
DALYs (Disability-Adjusted Life Years),146,Lebanon,Percent,2017,1,1,1
DALYs (Disability-Adjusted Life Years),146,Lebanon,Rate,2017,21119.88379,24304.90411,18229.78574
DALYs (Disability-Adjusted Life Years),178,Eritrea,Number,2017,2684559.497,3100136.49,2294871.425
DALYs (Disability-Adjusted Life Years),178,Eritrea,Percent,2017,1,1,1
DALYs (Disability-Adjusted Life Years),178,Eritrea,Rate,2017,45816.84183,52909.41153,39166.11317
DALYs (Disability-Adjusted Life Years),130,Mexico,Number,2017,31970780.93,35394451.13,28926670.51
DALYs (Disability-Adjusted Life Years),130,Mexico,Percent,2017,1,1,1
DALYs (Disability-Adjusted Life Years),130,Mexico,Rate,2017,25259.42299,27964.39081,22854.33714
DALYs (Disability-Adjusted Life Years),33,Armenia,Number,2017,911393.9429,1019649.52,819936.4924
DALYs (Disability-Adjusted Life Years),33,Armenia,Percent,2017,1,1,1
DALYs (Disability-Adjusted Life Years),33,Armenia,Rate,2017,30106.51692,33682.57575,27085.35873
DALYs (Disability-Adjusted Life Years),98,Chile,Number,2017,4407724.758,5053269.98,3829527.808
DALYs (Disability-Adjusted Life Years),98,Chile,Percent,2017,1,1,1
DALYs (Disability-Adjusted Life Years),98,Chile,Rate,2017,24599.10132,28201.82907,21372.23799
